txid,fee,vsize,time,ancestors
8e76906085798561ef76c3584d36158cb170b215fa88fe252940874d4f90af0a,532,260,2025-10-08 14:54:59.182353,75cc286c3a77c5271ac12a97c7d527775e69d881b8e51c73dee04178d7e7f43d;ec147afa0871729a3b14c96b6e879fd6b23000293cb0cfb1e2ebe59f3eab351c;7b638b676a8d962874287d63f7468b68e920d73084f5d2f228bf6c8d0dd31605
5f4479ad7489c182ba7964bba77b1e9f4ff3783f0e7bba032603a30401f46ec2,169,140,2025-10-08 14:54:59.182353,b116aa8eab2bc0d52f81a96d11a2e54d36e766923425db0ba226671e5bbc5a5e
73b88310c437b854dd2124c3bedae717f5b888281e82e1ad63b11002e8b3d920,150,140,2025-10-08 14:54:59.182353,3b3b52fc28a7c4eba6696dc1b6af7356728b8e505d422e5881d13778029cc57c
72ea2a5a94e0bcf7b96fa282c1b5e15e353192f6aac2185a29b91dce1849f0d0,178,152,2025-10-08 14:54:59.182353,602d1307051af2261721ef191462e026e19ad6a9b3737dfa332c823553526e53
19908adefab37dd34f139edf0977d845afbf05ad8a617f1c56f317c21c64cc13,257,255,2025-10-08 14:54:59.182353,8f0994bfe7ee17c25323a53f6a0a85c5f391a70a4c0ff58841c54d1dbce59a19;8f0994bfe7ee17c25323a53f6a0a85c5f391a70a4c0ff58841c54d1dbce59a19
f5f1c60011d3b632428ab756e6a0e3cd44b44e014bb5b433e98cc2cff61498c1,173,143,2025-10-08 14:54:59.182353,dbf9479fa6525c4d24ea6366005f543e28710364734d4c74a22838803759c481
264f2c76bbebe9a499e8083af8be99fab256543bc1da1561b9c3767abda745e3,419,347,2025-10-08 14:54:59.182353,545679ba2d22521655e25094071e51240237dbc94bcde6f25fe5d5dc8c60e5ad;2f1364bf97b49c5af5ff40682a676abee82d720b3359001675c0bd65723bd15c;8ef931e528c8eb74e848e2eb25c4d67b1f3e585cf25cb929194352e9c26f83ec;e6843c4a6aaa31608085cc12886d9837e69a7f52f9b797b9aef40e99ff595653
8b8e0f706f3ade201c49b2d51401e15945d47e8dbb4388558d936632194b8ae8,10081,109,2025-10-08 14:54:59.182353,24410fc31ddbb1849d6dd94f5535c4341e60ab5508196a5e5e0e02a099ac7cf0
833b2aae8b69d2b6cf5bc2c6ddadd873968273ac8062422d312e410d6bf8c572,1851,1226,2025-10-08 14:54:59.182353,c03544e4fd998e61b432e01685580c1ead9454b0ca255a50224ae56e55b5c886
d13d83f44d67338d470046f59cc85ace8f99bf96d472b6e9533958d24587af86,488,222,2025-10-08 14:54:59.182353,39c2d79cabfdc8d0898d18ced32115e7e4fe0783991e2d301b6a0854e2b82764
cd076ae0a495eac3a4179ddda35298150d268bc88244881065ee204113c69104,254,140,2025-10-08 14:56:04.868203,a0d919a9ea16388fe4934dbd400c029063245aa64488695b4bcb169923e13ea5
ee06f574cb262c748b83b8d4d65bc0ba38111172258570f708b0985e2327e081,324,214,2025-10-08 14:56:04.868203,b2fca18d0b91133dcf29e9cc1e403d8ca3591c8bd2b6d0b24090842def35d4d2;6e792ee1226c11a21f8fdf84c601ce77b3b1358257960fb0abc97f671b8d2851;40be38e9138ee2afe3a63633cbd6f96a7d54a134feeccf3c4dbdc3605f3842b0
26a8dc6438693a2e0f24a7af18e6f47baba67f11f664e16118363cecc96ec983,465,208,2025-10-08 14:56:04.868203,0b81951a76aad63f57ad72bb0988b80a9620cbc63139cf77b2b68ad6b0f00679;bbbfc375e6b08a9ae96d7f0d87bebe30c712aba87086e86f220b9a7f04814ffc
2e1bce91d0998ca9f47cc14854148dce4d15545576b19b62ca428783134fbc37,257,109,2025-10-08 14:56:04.868203,dda7806f9758060c5e4359cd0b9c5510e9b8ef8992553c3b90698ba3eb1ac466
531a09aab6af4323d981dfc23e4cea6c4f2a5c460a7cd81ac15748341fddf139,302,217,2025-10-08 14:56:04.868203,ad6d28d284d8dfd8b3d745c73caee7d6256e82d50c669f289e8e25bd44449453
52aa5d9aeedf64726d5f7e3746192631d373622ba188039c25eb71c77b046901,288,140,2025-10-08 14:56:04.868203,e443e258843c92dd9f385d4c72dfe51146ce538c1557f4cb1ea8dd8f5c4ddc69
fbced3c577efbaa96f16b07e11b500de14d3618c7849febcbc9f31f591bf786d,282,140,2025-10-08 14:56:04.868203,a287449d45725135ed89a6ec98d7a9c6fd628a6e7aba411a2e3bb5ce58771087
2db813295b23969d36b2b12272c1819a87006e156789dc5e604452b54ea3bef7,1589,1585,2025-10-08 14:56:04.868203,f2a44c7d7fd071232234887f807818a8ed9d95289f595354fbe369f88dfe84e2;16b1b25099b53e339526bd968be1a94e3634bad32bf311ae6456210dc3598ec0;f2a44c7d7fd071232234887f807818a8ed9d95289f595354fbe369f88dfe84e2;ef5a0238537fc3bffc1ad0052433aa0e2cd9dc676ac36a4aa026e07786670b47;f2a44c7d7fd071232234887f807818a8ed9d95289f595354fbe369f88dfe84e2;16b1b25099b53e339526bd968be1a94e3634bad32bf311ae6456210dc3598ec0;43458db97a4befa803722a89934bac6492dcac28601006eb280628e8c02caa9f;49de52f74376da8eaf324887e1624af83308c7ddd81504e6d4091b8385a5e21a;ef5a0238537fc3bffc1ad0052433aa0e2cd9dc676ac36a4aa026e07786670b47;43458db97a4befa803722a89934bac6492dcac28601006eb280628e8c02caa9f;c58b8dbbdf41136c1ef00961f66b91cd59436ec2b51b4927c2659c4ae19c7a62;f2a44c7d7fd071232234887f807818a8ed9d95289f595354fbe369f88dfe84e2;95cc720d6e31eda68d336f0ef55cad6cb8d8302e54acb836dc61823bf2a6c2f8;ef5a0238537fc3bffc1ad0052433aa0e2cd9dc676ac36a4aa026e07786670b47;8aeb228ce7ec4a214bed01ec6f2eb9a8f51ff70f9e133efb266188a7c4239cbc;49de52f74376da8eaf324887e1624af83308c7ddd81504e6d4091b8385a5e21a;509b1e023b7652b96364722e1c01c7241761794fb02ea60947135b77dd0841e7
2915fc3569aef43318ad8ffaae37dc763de5d1602a2f175096641c5532b98570,322,140,2025-10-08 14:56:04.868203,86414998156759512a65d34512308499328660cc44733303b27e7713b4b8952d
64e414564fccf42dd220fddcc9c851f3c232c18c75c902a06bf42543391c60f6,701,112,2025-10-08 14:56:04.868203,0edb7ace620960983ad33d7bb38d70fa389ef933b585e4bc27466e2a379ceb5a
813320f38a974380119908b1638a5ce8d281a6578221b75861093ef0716f2317,314,156,2025-10-08 14:57:10.520324,9096f6061c9c850fbce4418ec6d052f78631376e8dfe259f84372d8283f1f790;e20489418e49334881b242c6e8da136d291c787057dd1d48ae1260104bd85080
c74ec649d9ee003b33ef12b7d86ab6a7986d5995f026d12061364debfce32ec3,209,208,2025-10-08 14:57:10.520324,a9acdc41aebfe6b53521835261b6dd7d6dc605c1d1d6b2c9ff3af6f139553a06;7bd2671156cda0a252c732f486684e7be445bc174b6cd7d9f20b223c70caaef9
1c1011ee70ba83a92aab682e9d425b063e44bff54904a7d6b24c7b78c5ef1146,113,112,2025-10-08 14:57:10.520324,b7bf9b5d474941e8f590d1507c4ea8b4a9b35780812fd9e429192877d3fede36
84ebe90eb98db155bc763f1ef6e812d7fa1e4a5732a60db1fbc246f0aacb5c39,606,397,2025-10-08 14:57:10.520324,5086f9034046b32d0f04da1c6291888271e002e6fb0d61900b79b3dd182940e9;7750480b5a21fe3045aefe4293a0f5457f85792c3eb4cc2fb9770605e1f91658;d1aa54c7399b3fdc99a7a982f197872e26c041a478336902bd2e6d78bbe65585
542ae11782bbf18225aaadba77410b6c0d66ff5018655f64ceb7f3a962e5cf69,452,109,2025-10-08 14:57:10.520324,7a84d68c051b622bf28fc6946588fdbe1f76e26230b156317eefa7fcfdf4b227
ed70a99371e07fbbab8e8a7d378b24bf5c0634e74f27a3e18cc2b1ae555d59aa,178,177,2025-10-08 14:57:10.520324,afb394cbc7c2ee56b9c3bf7bd98e92bbb7042b6b8c4d49c4cd78b71bad1090ea;99202cf01c362a746ed38498336f0bbceed90dc690ada310b0c6dc72df349e2c
33d7d032d246312bb5559bdcc9356c9dc3fbb23328fe76fe59dff9112dec6252,154,154,2025-10-08 14:57:10.520324,efcdc056898ff8788804dfd574c8a11e17b187df29dc7ea060a981668942975b
06ea95ab982c913608f01a2db99336a7872b938a385fc17733eb0170287412e1,152,151,2025-10-08 14:57:10.520324,33d7d032d246312bb5559bdcc9356c9dc3fbb23328fe76fe59dff9112dec6252
51b12509e640e822be3eb4a0bf8b0a7bd2908794f25915138f00c75bf0170614,440,109,2025-10-08 14:57:10.520324,1e670525b3c114b1e35af16b2aaf0ca336d0c8888959c08b7766c25f19639ca0
24e09cb307ab4b5a04d2a926f4c6163b7f53cd70fb28fefa0e4175c2ac3ffb83,244,121,2025-10-08 14:57:10.520324,0f82a97703edec1176d68bd95f251a6e1f76cfb935c89ee990049c07ff63be9a
3bc0ed9dc86a755d594f74da94df3dd7f3d2e8dbbb84e0dac2c2fa2ff7f95a38,41,139,2025-10-08 14:58:16.117599,44c38869474c5cd447865392182ab49e112f5307990ca77af5776ef6ba9f4bd8
32e3f03180f1436b39e11cc2f2b57ed0c317e6d0612e54e979fe6ee28b4a9c2b,426,141,2025-10-08 14:58:16.117599,00d36fecbf1aaf04229e02a0b89f4542e707764f81937f267af3fa62eb6127fe
e091ecdea972a43b8ca2a69232930212fd87c9dd9e68760677af387359621044,288,143,2025-10-08 14:58:16.117599,235e47dd6381af91dd16c38c98e9aa0eb06053b7a34e4c3dfb1f85a9002dbf96
b6f5272c7e237022109545182341932e41b63e66ed8ed915994f2fa77629ff83,328,327,2025-10-08 14:58:16.117599,00e43784c1ab0f148484319ca665fce6864601fa46719b4dc8c3401cec989b9a;6f0787d08d54b32580f2a4c6a6207ca13dd4b5107134bfd02308eac72faa0cb9
dd51347de3b0408c25448dd88f58bf9fad49755d441e9ebcf00b62806f69826c,354,165,2025-10-08 14:58:16.117599,83812412f55d52843a8d4ca416f9fa2dd71f003626a96d3a2835088e15c81bfb
5a759dddc9d6995e4e1ea8173e134222d577fe476526aa6e37ef05c349ac01e4,322,140,2025-10-08 14:58:16.117599,1e340902c7226e6b645c3b00e46113bbae37acd002acbe016a2402d588f02d02
042f36457c5c9472b58fb28b93f86d9456bf314cd8951aeeb00aafb8b8cc6aa8,282,140,2025-10-08 14:58:16.117599,2189cf5f24f5af0444e55a34a9be865173dd493a80a61cb1f95baf56b6e8591f
39fd635c4d2ade83f0faa1bee7753fc0183cdadb0c01c05ca4269fba1e6b7cc0,271,152,2025-10-08 14:58:16.117599,7c56e6fc4710143b1fc4f1461cc8523491b0e920fe59ef25ae29ff011ab25ca7
2cd92b35af2b4c1c5f0f10f7028cdf7bac51884d62f0eb13a37d30b6efc01185,96778,4398,2025-10-08 14:58:16.117599,3dd8cdd808fb5664e5a3773f8e13bb8a5ede9cef9337d5786a127939ce048b9f;65ae82d077a6c61bfdfbbb7e1ec022fb6a57ec419f118af2e953a83abbd2aa00;2e1c17e8d2c842219a613d47ebcbf3df95333425e098f29369d28ff2586be573;197179e6f1a4a313c3d50dbaf1e315961c44a5dcf951cff7453769ff01838fc9;9e64d1dc25b9040fde66dedd77519eaa3f2575bdd566c44aa3397dce591723e3;9b64184c64fb68b04c4e79a0c9dc4feefe090cafb6ab30a97860a2b20c4dfdac;70c5ed293d17db0de9d7470e78851f283053c778491369b00516974b65a98c25;2dc15d517255a65603787638b3df34a0389dd11a3d797cfa4d406340541853a2;64ae25aac54105439975f988c4430325e5743dd2ca60471d1c3a3862d048dd3d;035c0300aeaef993f917b4a7d98a2557823ae61272f5c2fa37c2debdc111da69;1e117638f49de6b3ff09b83eac2cdb450fcf034dad09f07bd798ed44a46a4119;78caedca2e4b292d2ac60423ad7da3674963012afbcc51a3b5d7f36480383931;b276e8d9aea74efea345b161557acf3b6db288e4b10c7a980f1406b95b11c50b;8211a5968f211d2d309bfd4a3a39519adce3005a300588f2a43f15c4913a15b6;253dcc84fed2d1b9311e946661147f24efe04f938065babfbbdcc0ec741d7bd5;c5c6555cffffbd5f821626d5665b7cb3fd891f3eb690ee82dcaaa8cb04e03f51;7fd94eb1a44417749de1d6274df598f09667039605d82a7b68a0afa9428a9605;efdb8d95aaad012fcdca2c3e517894f138ff328a0f3264b6dcde00406e52a8d3;ae6c04c085492524abb8aae3d45fc29d7a0ef6163609d5f1948ce87138850582;202963742a5881cee75c7665a23de23d215a3c438ef9ed8e01a5bd20d28b5997;54c39fc8dc9ba28630ce5669aab547aeb72e2969c3f9ad8862876e453842331f;84b233a89179312837ea3f024160a36bb3fe0f8f7bef7bcf23975eababde03c7;ef02e9e6c69bab79093d92857f8673a8331d9f4eda40a9d936dbff1a6cfd82b5;8f9cf7dd939c06e02f5f77d8bb05251af1d1ad2da48b9aa7e6b480acdb2749d6;af028b458b2d6bf8f672214a67903c04407adc992adb87730eac1a5f632d5a00;c769c45001ed9fd2cc479a685d39cb98bd70ab612cf5b1692ea37e141d264aca;60a36896ed089cbb4e6a57b22ba3e69cca53f97c4db49b22b8e0fb418b120965;9c58f609b7c490ef412ed38e023424a699315303221f1b1292507fd146932cba;90a64fee24c08a64daa13845316e8bc3cc48b9e7e098994b4c1c563c5041a919;a31db7acb9b1cef1b3cca363ff872adea24027973ce107e3046638af41bb129b;429da5413782ec550ae5722bdb9d9c248f1f478dba3cbe96e7e385c6c77afff1;5763f32343ecf5113db955f4600d803dd13ebc41924f8aa1d89b8290860ca5e1;81087a2b61252b83c6bade47381e64007e3fa7512a959e01ecf0381a1492b746;ca8860f24cbf722efd9a6db540f45534acc5ff189acc0a86b889c2c96e5b6561;8f17b2c7fab4ae8fb90e7e24751ccc952271612b4716bc19c286bfd5cf2848da;ad00440359cab007246dd8a327e59cae665bc5fcdefb2300075527991dba2730;f877eda1bf61c459a46940c40b8ec1d4045a47696c8294264db45ea12aa53371;64163a0eb1b289b9b3c8f7d02d484a85349087179a985841a732268add5cf748;c3e9cef4d7b342cbede0ef3460b6b507cf9f324ed30f7f2960630bda1201f507;c91c2fa40948d9d9a5e42ab109a4f4a6ac4c21e7f907f7904300fecb7a5a1243;035763308cc47bd7931671d163c1a157b00b5643edfd41f732c0d7235d381f4f;69c67bfbd1d116633c04817688bfe183bc2548ae26d456c35544000c76bdc615;df3b59b069fb7a2f13b04822f931865958b2c8ece4f1d910e0c4e8b289a6d79d;d41259caa2a96a4bf35c083ee978204ef7d8eb4830c9cc389f740f0cb3b8c093;239fa79afcebbfaff1d54d03178c2a474e9b318c5748ece7a7afb5155276e86d;0fa854ea8db039d26149224d23af1d709557714313cf6c4872cd4f7eea3c5214;fd56eec2805491a0442454cef10eddb7e71469a4bbb2628a91971f10112db7d7;072da3ed3869ae2cc6dd90135978d4472c07604fd8f0f52fa77e09302462df48
4118c9668cd4d009305b1960f58633ffe9da2070baded6161182d17e8756ddf7,564,140,2025-10-08 14:58:16.117599,a9fa80a82317b9204538d71c2c64788e1080844bf2ca3d8b343693b2ad921776
8cd7d020894a02546c73f78028045182efb7aface07eb1ab954ff652ace70904,338,140,2025-10-08 14:59:21.684672,903ba6638017b6efa8fbaeed95ab82958ab8bf311a23a05baa130c2eccc385be
d05fb660f82789bb2cad740720c52010a7ab266fea6869268363cd06cef691c2,322,141,2025-10-08 14:59:21.684672,02a051220bb39875a8e8830e10104dab2a729bc901a38e89d938bc18cf31e52e
ec827243e46d960966cbb007cb2d233e11ee968e12e99cf9def8e9701948caf6,356,138,2025-10-08 14:59:21.684672,e98b64a5d4eb9ba83cd2e5097ccb267b8386d73c71600de942f55ee89faf0d56
611dfcc53483a96f64d0350e83be6fbfbcdfba23d1ee3cbd23e0635980647bd7,282,140,2025-10-08 14:59:21.684672,42f204a7b2643933e431009e18f90c317c45e277f50444ffad8ff6cf37ecb1f2
a19befc404bb2d49c2525aad39d7b2353cdf3ed149de8a965f22562cddf646ac,134,110,2025-10-08 14:59:21.684672,3c47d7096d7e30acdc1e3d7548b1e983a0df2df442a0341250a51155c54576be
19bda8489a57c635e4c594597be227c591081c66a024d2aca7fe05338aea819b,99,99,2025-10-08 14:59:21.684672,fd1e6e4f8a3ba4af9553f10957023307405fb5dde648b2e5be4cb73923337406
a059f7a84d66918e1a2dee36d43cadc6b2757cdb0cda5f57f3e6ed89cbb2d41d,446,222,2025-10-08 14:59:21.684672,3e582514be03510427299fe1d081418501b0e62a0693421dedbd398052164648
0608c1654dbfe8006217881c258f2a205db450fcee38b99a5b2ca4cd45a90c97,288,142,2025-10-08 14:59:21.684672,7fd94d3c4f447074cfa6c3668cbb650c28734ee354cde617753f4e8f9d83be3a
4e82aa652272b41e9ac0254c3e1f09723b0ac984a0745b07ae77d699c744bcbd,239,110,2025-10-08 14:59:21.684672,b40068f5d9c84c0c95c3888ff8542c1868adc177bb2584f2526f02e8d5410ae3
5effa0563345628db126a2e4c7ce6e30ad685619170fe570921964fc568236b6,144,143,2025-10-08 14:59:21.684672,794beffe2424353b3d9f829346f4083ded70fd44281b2bca86894934354f8e86
84ed787cd243419cc09c930db6071063addc09f484060d727c26af764da8ec81,257,214,2025-10-08 15:00:28.493681,b6a79325a9496d67d13c368ddeda005a5549ef00fec7bebf5bb5a1245baa8a23;4804e9198a6ed709d4a772cb8ce370e9665b8e3938a8fab54be245356c730e3e
af6d4ba6dec4693e8e5a42b1ea9cd490e708a155abbf4cf81739c781a20e7c47,257,109,2025-10-08 15:00:28.493681,06f7ba64e083d6447a08297e296eca2262a00d3f15ab97b4ccfc2d6035d19ccb
c3091e774dcf98e486dc9e914a4098ede8d275240a86754b01155dbf03615d48,111,110,2025-10-08 15:00:28.493681,0f82a97703edec1176d68bd95f251a6e1f76cfb935c89ee990049c07ff63be9a
021ec5c7407560f5e81fd89ac4d035df5aa91727894ad887fec4c15a7d160027,6500,1569,2025-10-08 15:00:28.493681,32b8413b0414edd513798b1d3515741582244e3190e6958bebdf007a271cf2d5
99d0ced44166e48a2d87dd1c644c22b6f14817a9d93c9c769f6a04ed670f4c5a,618,202,2025-10-08 15:00:28.493681,4129c6685d3ea2b15b9fe514aa668bfc03098b15dcf4b9e19a516feb2935eac0
faad0b6cb9b220424e98e7d885df1ff7b323502de205512b91fb22613b771f62,322,140,2025-10-08 15:00:28.493681,19b1c6d627d902269bf5313b38ac2e7a8e2b249eb8a0f323e5a7929d0f76edab
d99c7e62df73914f661cae75838d25eb736d7d57150fa8d295e5b3402fa2bf04,110,109,2025-10-08 15:00:28.493681,cdee41c7a55b327aea3f685bcff796f6112d6ecd4f69aa40fc76ae4d098c910d
aaff811dd871de9638335064c64d2731124aa02312da7061d26bb0b84e4385c2,330,164,2025-10-08 15:00:28.493681,bc65ac52829f60620bfb7b67bbe815813d6088948410a65b1919eddc674864e9
3f8978f2670abc4ab59b3c9277f1f0a9e32312172a820f3f39be97952689b50b,494,411,2025-10-08 15:00:28.493681,8f86966179737a562b398831b870a045c840ab1b9e36291a769014d46f179904;70a0784c2c92a514536c1c0512adaa737aa30463b21c8a2aecb455bc48bf5dbd;b1154a16f9b74c5ef54ebb43fd4639d1a57d295205a3bae8789ece76ef38de9d;9b322d8c1c00b36497e6126ecb57a2222daa2fbee4067c7e73d16a2a507ba31b;9727092001505861569f43caf3c51efc8a63da94e3bfa4e6eef34291ed8cdf26
974e7172d3fd30c56ad5d99b6ecaf00dcee3b47361d0d524fa199a159aee25f6,132,109,2025-10-08 15:00:28.493681,8f5ffbf03cf7e96dcecfdaff8cd9140bfc2f3a3a9b6aa31e2d2deb9bbcc2f800
your_txid_here,500,250,2025-10-08 20:36:15,ancestor_txid1;ancestor_txid2,0;0,1;1,0,2
your_txid_here,500,250,2025-10-08 20:36:25,ancestor_txid1;ancestor_txid2,0;0,1;1,0,2
your_txid_here,500,250,2025-10-08 20:38:02,ancestor_txid1;ancestor_txid2,0;0,1;1,0,2
your_txid_here,500,250,2025-10-08 20:38:13,ancestor_txid1;ancestor_txid2,0;0,1;1,0,2
your_txid_here,500,250,2025-10-08 20:38:24,ancestor_txid1;ancestor_txid2,0;0,1;1,0,2
your_txid_here,500,250,2025-10-08 20:38:35,ancestor_txid1;ancestor_txid2,0;0,1;1,0,2
your_txid_here,500,250,2025-10-08 20:38:47,ancestor_txid1;ancestor_txid2,0;0,1;1,0,2
your_txid_here,500,250,2025-10-08 20:38:58,ancestor_txid1;ancestor_txid2,0;0,1;1,0,2
your_txid_here,500,250,2025-10-08 20:39:10,ancestor_txid1;ancestor_txid2,0;0,1;1,0,2
your_txid_here,500,250,2025-10-08 20:39:23,ancestor_txid1;ancestor_txid2,0;0,1;1,0,2
your_txid_here,500,250,2025-10-08 20:39:34,ancestor_txid1;ancestor_txid2,0;0,1;1,0,2
your_txid_here,500,250,2025-10-08 20:39:45,ancestor_txid1;ancestor_txid2,0;0,1;1,0,2
your_txid_here,500,250,2025-10-08 20:39:56,ancestor_txid1;ancestor_txid2,0;0,1;1,0,2
your_txid_here,500,250,2025-10-08 20:40:07,ancestor_txid1;ancestor_txid2,0;0,1;1,0,2
your_txid_here,500,250,2025-10-08 20:40:18,ancestor_txid1;ancestor_txid2,0;0,1;1,0,2
your_txid_here,500,250,2025-10-08 20:40:29,ancestor_txid1;ancestor_txid2,0;0,1;1,0,2
your_txid_here,500,250,2025-10-08 20:40:40,ancestor_txid1;ancestor_txid2,0;0,1;1,0,2
your_txid_here,500,250,2025-10-08 20:40:51,ancestor_txid1;ancestor_txid2,0;0,1;1,0,2
your_txid_here,500,250,2025-10-08 20:41:02,ancestor_txid1;ancestor_txid2,0;0,1;1,0,2
your_txid_here,500,250,2025-10-08 20:41:13,ancestor_txid1;ancestor_txid2,0;0,1;1,0,2
your_txid_here,500,250,2025-10-08 20:41:24,ancestor_txid1;ancestor_txid2,0;0,1;1,0,2
your_txid_here,500,250,2025-10-08 20:41:35,ancestor_txid1;ancestor_txid2,0;0,1;1,0,2
your_txid_here,500,250,2025-10-08 20:41:47,ancestor_txid1;ancestor_txid2,0;0,1;1,0,2
32fbdfba1f27c48c3ae2e925c499d6e6cb05958a6363b63e00ba01994483d23f,282,140,2025-10-13 13:56:36.530609,8ccbf0c4031c876d9b0b2ec43cda4908db694163d342a258c744beb86fd44c68
b5472518f3b42e3dbe0ece3bc8e727074ac623d455d507a1acbd0f9c3cb1ac98,281,140,2025-10-13 13:56:36.530609,52a1d9280e50ebb8e7c8b34d5dc9a9588de509fd4abea482f98445cb50bd9824
23c82c877ee2fd5cbcfcc987cce090f20cd3f526a9d178693fa87a00b59f0395,33500,222,2025-10-13 13:56:36.530609,d0031418a47b910ffd2db07f9a13203177a718998094f8ccc603dcb46240efba
7ac808058c9b0d6b0b22363b83a9742626309146f512d91eb8da38a02aa67540,555,191,2025-10-13 13:56:36.530609,2f3507f2e67c1cd6df038715bd2b9be274c1ea1aab2365674eb8480054433aee
3e309f5e2a1c6f5e517563cf88a6bbe61355b507084b5a279a964767747d6dd7,4428,3669,2025-10-13 13:56:36.530609,8d8cf2ca4a96ce162fa92cdb21f48add207a8b6e69f0b8c449e309573d795cf4;63d647f1d53c6ed87e4add3559e14e591c3726535959b2e0b390c3fbc457d57a;8862275b21efab4215b98d160e5113a2e7dc88e0f6a2136f9e7abe974adde441;2266cbe992f5bb49ee9dcde94dff84665bc973786ef05ea3134b20df974d9442;4b4fce109f74e77b124aabf716130012aaf9205006e9b42f8e378add8011dea0;ba22e15d4fe3796968be32a04a24642098f74edb6d4e465f3f88433915a16599;71931791a42c4f228ceb5ddac4ea6c92ff772aec251e7264167ecc061f74b311;71931791a42c4f228ceb5ddac4ea6c92ff772aec251e7264167ecc061f74b311;9e1ef52677263b66471f1359663742f418b4fbf02958c8f269468198975ba1bc;15c832d6fc5b27011995ac669a6e455e32385da0e003c8c558befc69470184ce;8c13cbcf53319c3f38297f8b09371d7f0e49a3ea69f8254043345631ee522f3c;8d5328a6e244d878bdf3144c9ad5dadb842c49b9efd3f37c69351756a6a966d3;fb3879b46e24db0d19797e67fb960a156ef5da55aea28bec0a57d79ae70b6f33;3dc9e6c8ef497622073c7a8421b80962fa66ea853ebb8fcd365c6b112d7c884f;23cab1d8e58d4fbd62792ce4bf39b9187a0e0d1c7fe7e7854b814e27bfd35e91;f5aa6456e04ce0e8d864e212cb7d59ddf1949e5e52ec81f8d1acd422b38e3ed0;7b513a779d880c5f7c9c91b14586b50054d668fc1661358f36bbe4f3b31f1d94;1b067cd40bb7ea1548226fbe98c18930058a4284de76e5885f3913a3b39ef09f;6ad0e0ff1af2c461ff911ee6218132fd5ab4fe47f1932571e4f7555e91401aad;8c0bf685444da8a578e82710184a16f285f204d8e226086c67fdd41acb5b11c3;85613d9ba820e4350d63b96ad2fb398f0a32c0b0dff782b9521941e602f16361;995900277732baa840616adb421cfb0e3ea023d1a7b372d693ca97a8e2940390;3ae30da578ed7d99ba6c4ce3b0283c843cb8065bbb17f4ff47bc4bace2b81715;016b9f56ba83e2d0a2b228fc45a302284cd6bd6649669abdf515ba0955ef4c6c;366e4913963f7b57d3d133c6d49f953abef1bda41593b71d5a5bf3c702ee8ead;b532eb242920940d3f1c3bc4fc52e20d0f93b5715bb94800f53b6e870bc84b47;d7d4eaa8238e0b1a0cecedf0e6e7f80c0b0a9c85ecdcae62c76239dff83271df;552de6c2ee1c1424d5b02e2f7ee4d598238bc257c91d9b9d0c65fc49213e5257;2961850511e661a328439a3d6d48e926fa75463b9287a917996243330980c5ba;7246090b20f7cbc82de88e270a5818c7c83cee9fe536f028d37a0b6b6b31570d;016b9f56ba83e2d0a2b228fc45a302284cd6bd6649669abdf515ba0955ef4c6c;1e4a1e4b2dfec0949c1822fe693aeb998b3acbb74009d375f439760553fdce32;b00dcd14443c4a88837e8330e9e084b61ca546f5fb5216c3e21bf0b4623b5351;3cd5db190112ac553456a3acdf9e4288ac18e27a73e38bef9673e3dba6edb93b;e1f0ae786f40e3a6eade68b8a85c2e7ed7dffd826552b1bc32f9f23d566987c5;016b9f56ba83e2d0a2b228fc45a302284cd6bd6649669abdf515ba0955ef4c6c;d7468850ff6cc90e1eb6c064dfadb58c5898e646744d8f240c8b659ed1ca1944;ed2bd35a942388066f6ae8c80cee85c44a4cdada02a41e015117b19fac738af8;9c2c8e4128e59e49bf7ac6713b7af9bea6acaf038edddf7a302a460d3e9ec6f3;c2d9243ccc32def8f4bb47c467b00430b994d10f1755e1a1526b2844de2dec9a;7e09cb0612a23d4c4d5fd1570b7dedd211a963753f6e2b7f345c59a209574d8f;7f03609f1b5974a41e3b7e11dbe66523661f76090d9390863d2e94d54dec352e;ced5664479b2763d82c5d9b3ea651833136b14423e814ba2cb3fef20b751f341;d594223a44f2d13ea3788f87a6488200f1d58923fdaad339a755a7945a2864f5;a5c519bc5c24da072732ca804dc6b341548f586d450058f3630e6fa8b8ce2289;3950b85761338b4c49afc52aef38b0ec63b8aefb78ab28ded8f2539c6d299091;b91561586c3a2dda830e1325a2bc75ba6f2445c82d31a06897e0bb42c730fd6d;6d02a120c5abbd7780681a9b22e2e29cd7e60999b734076f32b4d0cd15ceb397;2f453eca7adb0d902c88d33bfba50cc167528669ba02356da368c19da2c3e764;daee57229944b61009e13ab47caf3c8986f5edbb5061aa8c01308a8329c81987;883ab89808c2d50f3b77346a4766b8ad637c0013489b0b6e8f4106b628d4d6eb;e102af1f8d225e20bc9d53cad5f022d7587135e60ff1b4a3c41d24b3c137afda;915169b0aa68a3467ac4f7240996e8fa2d21b50dbaf0b40e834608255a5ff1dc
83b7e98a6fd28508a6e882fc730d44efb594588545d268eeb21906a772c33226,330,109,2025-10-13 13:56:36.530609,016a520b182ee01885dfba8027c673a50c740b464984b8072c7437d45af1c154
753db6907d83e5fe5309f4457cf69fe006f0ead7c536d8231a0dec29547c3337,400,225,2025-10-13 13:56:36.530609,b7c3edbed83e12e4e375701437e4e0f000ed594598b490989b96c00bfe34d32a
52c079d8801371ac8791e41d877c868629c7aef57b96f6632592cd0191c851e0,257,109,2025-10-13 13:56:36.530609,c43abdc2895dbfa321e816c534068dfd2b57ac0809c1de4ef282071dc6facf77
f477d25dcccace7696b98b6f751375b140d48f6a2a8f6026a5b936a0dd99f6b5,220,109,2025-10-13 13:56:36.530609,14162190a37034b75fb3b38c8ce123246341530c4138d890196895e34d33c600
a4139c2395ee6bb7e14f2913d9b42062f3550355f328347edba66567b1896b03,88673,7957,2025-10-13 13:56:36.530609,02e275562daeac2ef3517a8de76464a8c86e7fe6313afe471755ecdf897157aa;0322ab88f4afb25a38fcea2d9374d7006f14397ba7ac11da5d3b5b3c2e39f5c6;058d5789561001e22022b45f28883b0463cf148c45cfd392ccec34d3950b996c;0600ffeacbb718b897fa644571db33f922684a6ebdf70af363eef68050c3e3e2;061f08526f68bfd5a1f5b358b42478b46dd9bf171255619278a57385002db1e5;085051638fbb7e46e892895fee3be44cdaf6ce5b9ce0d6f8dc271ffbfc18ea33;09f3e2cb43a8c304d051365e31e54df525b05ddfaa266033d75cc00c6081e59b;0edc680d8f63f859288258e78bd1c35be978bcaa531714c7863d97e0ceff9706;118ecbbfff1ec35f1920f650014fbb73636fc769ccc9ed90a240b299e9571d70;11f47207d75094041b03b805e44322f219279de979275f5d444337435a92b19f;13b9c1bf45301f5d63bb79927bbc73d7c13a1b34c1548f7e71d911172557274e;14011a6e4ec6ab5c4b82a761bad29fd7d74633591f17c9a51f4f3f7c208b6950;14fb4ef18191772d970d5742cca2bc4670519204dd36e0ccacaea01a66b275be;1a1afae58700be59020223c69a8aa68c63691d87de7dee929e752fb725d06e35;1a279e88da587632e6ce77d83ebd60d59eb0dc8221d9fc6290c28e604a9494bc;1c21f381ec7d8d703f44c5a136a8de1955a739078f3ca326352a878c6df6ca46;1e47a1d1c7ff835cf5172321a140ad9c490e9d66699ffef6b31bfd5892d50128;21b9b6d0be6edaaf365260d7f8f0880696d4ce788b14483a9789545f458ef0fb;27850e2f9db6ebfa3a8aac6b5b68c55ba5361da4a87e32a966bf8a22fd1147e4;2818fd6f7a0e4893636fd75ddb0658ce38c0d7f7792c6c260c1fc1788e73350d;2aab20fb007e2773e9e60be171512eff3d0b55885d2d17441d7fc60a290faee2;2ba4d77e89eb6c057c337fee583d5d80573da85a2e81274cf3c3a284a27ef93f;2d53b55ca38d4589546b453377d7971369c43b4a8dae3c6626828b7402681843;2fd490ef42d98238d8a43b06a6b122ded90bfb2a1f796472892a47ac63f4bda0;327d18db0bb8473f51d9082e359e06ec20ab09a9d8db630b515e1e6cf261d8e4;36d617e2882699e61202f1afb0370652f738e1d8693094a2f5c38085f4c8a552;42ff1f97e599110c19382bd13e9dd0a672d2cc707be9438a498ef45a0f39302f;435d9c2aa33aa4b4bd7d2be0f85b7f09fadaa0d6c365283976e49a9e8d133deb;4a9715998cc34450abec5758648e2eb8ea403a52a8d9227053eb0d7b88c14eee;4b3e24e27847160fdc213f11da737fbf515e6548bfb2fe8202e3f6f24cce314e;4d05302959cce87372830785291c1258b94b21e4ab17709e8492ec7d9a8c9a66;501a61de90ea25492e0d74cab847f89ac90f3c4c3741182bbbef767e87595cb6;505808033a3f6d609998002936bdb5115be133fc7459893204095a9301078cdd;50c23187440c04b00e5f56e3b57202b89a763d2578a80254960b51c0732a5b22;51b084860a46e8e87fdec99bba8b5d62f0211fc300a4d0f41d4e430215c7c94c;5371469f195af2d763c39d6b1480649a3e513505db7194a34ddfa67ee69e40bc;58d51e744ab5f48042b3316c98072ff9e767f387bd176a0f1fdb2ef977ac7ff5;61279fe3b12a58152865484012fc30e8135a5c9c14646aa251e754c7c85d93c5;632d0d974f7335c60845ffb53679860f4c6b3d82160cfe739047502109e30367;6e17e1c9bb239c8f3ffbbc5f382e256052ebb5045acbac70b03656a64ad1d9e2;704ed95652be73eec28a6320b5409a291391af277283b137a585846a1b652d56;787b03dcbe1d4391a97e04cc910557468817a84e20869d3da222304804d58a5f;788ad496a7a752c7e446691c8d318c418e60f3b29db58d6e7dca57059c43f111;7e92a32e816b178e15ef2fa36ad7da6947b9288e69458c286c6698b5ad98cd22;7f5ce9d5f617ba0f8ab5c7fd4701254a6ec78189bce586d4759e1a590104ed6a;85849de84d53de14f2073f4ac7dc232f139a7e64ca0c5b50a21d4dfffc5593c4;858df810224b7183c13296e045b88563ba7aef17db3115a6218a29fb3523b725;8b854b83fe1548155771a025d6b062c453edb8d8bc1eb3f207db9895afdc42ff;8ba9794d22ab10986e8dfd7275b23fcedf09b7eef1538c549aab7c5f2d0bbea0;94bda9f220e29dcaddfb85d8dbe9c283968f4a2fa09eaf7672d9412d3a1174bf;97644cf02f33c2de8de5107441afed01822baf83d1d6d9d66d9da17d66720995;9b3a6314a047621e45d6b9edc35d50d197091b300bc67ebbcf7d84dbfb8aa78b;9cae3f1c65d0ad319a2db585b333a219191c03cd381a6f74dd005204a890bbbf;9ccf0e5954f70f46620405f7fe3bae81ef73f07ebf6a1e92b9b7af439134bb0f;9f43c2bea01f79fa6713230ab8057e7ad15b8c1640edff638098c2310b6f3b71;a09b332fc72f77ab1b243ac4b7574c6e0204daa051e5cf63a57da133fee5e9cf;a190507c672c53bc1f88f8f47566ada00fca59742b5b991171eb7c485bc7ca88;a5eaca8ca88ad1d97b53cec8df391868ffaa44b828409fec3d08fb1a4400e270;ad56189e171828619ed49c5083c1e0642dab2f0e4063f0972c156abcd4d6d15a;ae246c7d65e61747aa39f78c13a10ebdfe45ac7c4d4e0bc0297dba708f167917;af6d200c640a75c0fddc695c9330c29e85c16e50601c98e76be14c71c2b78117;b0e095e206f4d5c224d98a22e5e0a45a2bfda34c5335aa41591effb33ba066c3;b0e095e206f4d5c224d98a22e5e0a45a2bfda34c5335aa41591effb33ba066c3;b2069e47bb701796044acb5fb4071132a9a851b325af61c7f9915acd2fdbccd7;b9b231a341a49b853bdb0e2d16eb240f94e02bc78dd43348dc69fcd4cee7c8d1;be1267089e2b412990d93c4cf921b15fec70ab5b9df38bdadf0cd12aff75ce3d;bfc2bd571b0e69611ac6f44879532665f27f8b952ad08582b0d7e8eade97e5f4;c96cba14fe6a7c189922551c54f7d88e354516142942e76ee20bc5aa981f9d51;ca1d051ad6eac217da7c1ae1f2e78e792899c3b93ffdb422a0457a4ff081c890;caf359e7264e1cfc8d4a3cd4cca232cd38e0d2387782be7e988604dc3301a4af;cd18f133b0e29bde21c75725b1c6207f4d45e0a8d41be3393dbdc96d3b8fd825;d81a4f9bba4d01f52529105c677f7cfb07897e3be64a8b485027a8d99dab13e1;d85e44f97f06f1fccab6b524dd2d4e9f2bcd7c4bf22bae3355b3d14e9b6a81d9;dded87b83e5d6d4d10bd4b4cdb552a3740b98a9d54fb4cd745fdce3201d9e0c2;defba49b9ba84ef0694371d44c2a0a4e97af04dcd7f63499f790c4d0fee2af9c;df3c6681e6a90ee216cdb9bdcad61258694b395d55f7dd62cf84c179e2779f6c;e0627e76b2d58a48cd9d50087ff5ba2756f3bc874ef413bc1c6b0bce337e4b75;e1b6f1d64343cf887b395d450ebf936f3446f032b9da0b08cb7efa99e8196dc7;e3d635fc9d2a0062a4f951c578bb2825ca4d593e96f4949f8e9d6fa2c376d037;e5623c0560965aab9c9714b928d6a76a77783de4e6ebba16c66c131c2586df75;e7251dc1a028439b576ee4077ada05c7cf6010cddd19d9ea9e4ea5b7585bae24;eb48e370a7fdda5239b49898da4b4172e1b271cb9f30cd29e867ba7321a1ecc5;f14c38547e1e5699d9dadd931977d2b4d8cb324839c031405fd370bdf4c3b54b;f4c14e54d543fd9a1a84c0e12b7e4c91128fbc6d7e9b4773a3c973b47b6c8ffe;f7faa4e3ce07adb70a4a990f798389ff71a77c944440e43ff1d728eecb265c74
92315ab64d14049ec876e561c34b1f38cc0df8dcf2389414f15844f78fe35d6f,448,224,2025-10-13 13:57:42.309223,e07cd521e00830b0093a047293c8b637ce865dd29e614d41adcee8b78a8c5fbb
8b084fb21313ed3994110e98c11da54dcc9a15de4ad4f7b8198d83a21b99ca42,334,277,2025-10-13 13:57:42.309223,6039bd6f570cb03c9cba0e7408acd97f9981ef7abb14a3faa332730ab69ec1cd;321194d5087112f20f3eb93cead2916165c393e465fc7e501835d0ee169e9c28;992dfa6ad3dd46a38b8f14884496be92c30854032ec6241708c9a67c32ef5b02
0859c7681e1039800b93768cdd1b6a0759fbb75a17c2cb6a1044f995dde94578,8460,140,2025-10-13 13:57:42.309223,beff52c4a28e0f7ff70f7f57142dff2b60ce59c8fb69f05bd4b1e0f8a45b68b4
2517c16ed9783fba88d1db22848b6bfe5e4d9d1606fdf9ed9a994073aaf09787,358,178,2025-10-13 13:57:42.309223,4137a172cc08ead81e90117aeae9fd62525130bb49bcfc33f0bd2672617511d0;948429b206d63f86268c6283e55f06e9562cd35b3c594a2f189112e2240cad23
4c21f308de4096caac607d5786e62a088fe8c611a22cbc980465b2f750eca237,282,140,2025-10-13 13:57:42.309223,456ac373fbeb96d07c08c23b6d0dc274850606f1ba6f177950856129bd904159
9211aacfb85136a63bb8a8fe73609d290a4ebbfdd3ed1035adc14c708e99581d,251,208,2025-10-13 13:57:42.309223,9cbbea3fe42b2f034f1754e6dbc8ac2cc35a961a0e5c145b0441b2d253040b4f;cbb98928b9468bf1265449a45823d61c420233bba100ececcdda9a90963d281c
e26474b9f4870524c649df9fc14acc12f5f85dc28a3babd7d9f2989687e8fa4d,258,203,2025-10-13 13:57:42.309223,7efd27e5561a7d96ce7e497106bbb0a1f916bccc752f2a4d13b11de11761d7bd
621e245cddaff4556b8552a55a92a5e7839edfec20e736443002b7cb4aad3596,580,188,2025-10-13 13:57:42.309223,2bd229a85fe00d2c00ffc892926996d2d335e6721af52e5d23caf011cb20141b
76210c77239a9a2dff43dac4668487211021d549bea507c8346b989e62ad4352,2160,143,2025-10-13 13:57:42.309223,868bd48be0e0312f25c1eb4515481f36debfecdaa415a179afd03c2965ed658b
80a3519cc647c20403435ba65fe6ad173484ec351d69bef42b1f03ba7fbfd971,246,245,2025-10-13 13:57:42.309223,9010066fc36b7f80edc4dc0a3a688cdf171a09c23e07c5c1e6c6235d0a3d91bd;2918cf185c9f99fac59aeb3f62618eb567a07feedae2f30565e7dcfa3939e9c5;55b288195a2614dbba3ea316a9f878c8af34e81b447c22926a6da9aad3c6d8fe
a8d1577ade04c9a7251848b8d7fda7580ad5b512301cda7aeee52b2c8e276f6f,210,206,2025-10-13 13:58:47.702075,4565994bf3285f11e466e5312daba991622a8393d2df198c5f1398c1824b54d7;ef178ef2596e4306bb04dfbe418f9c3cdc9fcc4ab8d8b9418f8ddf98f148ef6f
680a96ad55f21a79cc04d750c220a086e1325f9c1b53cd71d41e1176217e4df8,288,143,2025-10-13 13:58:47.702075,d831439282b162dd3291072287c8786ae3a39d43070d6eae10021c24da81f0ca
a3aec6f3e910f1871c4701657682c87d6c4aae7efb21ac5cb3615df734bd1c84,5640,140,2025-10-13 13:58:47.702075,3511ce82b65b08824fa354da4c29eea866437cc0f6fbfbd78643ecc044bc969e
d558213648816d07e7d89bee03c640fed0b88194a600bfda1e153db51caa4c9f,141,140,2025-10-13 13:58:47.702075,1ea7390a4972321a7e1100749acec244a13586610c84c02155881dece07e757b
3a0570a2f5ee3f3b6fa866c7c3aff8ac13c86e6d3770bf62b455c93e54571a5c,327,152,2025-10-13 13:58:47.702075,2190a5ec05f701a5f40e150738cc43dcabac7df2738bc0bd260dae561dfcb722
babb884a224473155847ff5bb92ea23a4a167a64321f35d38d25221166390c2d,2661,586,2025-10-13 13:58:47.702075,a3c414a10d45bb492907b9fc718d0ca095df79658ae8b18a0f14d6d0fd622e03;85e8879b5a342dd948cbe77c92a0d19e6f2042a4e511a0d441dc2879e5c59c02;4b9ee4f7365e074e26f22b9ed697c74e8736c65259e856289ff522ee1fead871;b887750140b028d290421aa0356c9cf346bb6f8b559c700204d099bff1b72031;48201ca1e50226fe995e5c34673ae46aa40591bf93d662115564161426141fb9;30019294df9a8d0265de592267352de254eda26d932535e4fd2e684c45dc73af;0c88916d841e92f80565b18da936c8b5515920a71eeead33bdd8c341f20ddee3;b0aef71c6749c8732a8ad49d5c8bbf9827bd92202247d514fdf85523b21e335e
09b29b217b6a29b6044ea0711f4e26071db9cfb8d85d382ac8c9845fbe76b736,1224,206,2025-10-13 13:58:47.702075,24ccf51ffe2c184c211bde1e113f56b4bd609424665757e78f5585f935e3d38c
0177c600f37daa3756177a5283404ce2c4986237d3cd56a26793d75082e49b16,141,140,2025-10-13 13:58:47.702075,5ff4e702cc16c84f79c54b40037b15bd18ecd3ebcd9bc64d6bd59a1e18f7ab60
2925033263e2424bed3f5d8fdccfe7e42f4bab8d95ddf28e3426bf61d3701a67,111,109,2025-10-13 13:58:47.702075,693133910c960de0ab2e25b71967aa76068356c7f1a4c44a834a827454705ba8
bccaeae53c934aa44303c6e36b7594a47ec83a238ee9aa2b75411c3e71164676,1225,244,2025-10-13 13:58:47.702075,c250fc35731e5c563bb6a481c9e25546f66c8bfb4d78bd5ac36bf515747db508;a90eb8d727f9a971efafd15956260df30ea97f57d7969d8e03cec984dc5d9b63;ed467af3a9ba5708cb630dbf0685951a14da26f0ab320282c828173f83aae20d
f0b1b37a2a9ec5b4a2bb0f8b019e0a096a535938418a50292f7dafced79e8568,290,143,2025-10-13 13:59:53.457262,1edab13b3a06f95405558a92ecf8e69f03d3d7639011b8cf545b089fe7d89600
64ba2f8e4fc4fcc8832367d17c8a3e6c61770b0d7b08fd19f287c9abbbbe86af,415,208,2025-10-13 13:59:53.457262,11c09c7ac08e3f14a6766c6e119f0809d47d139bddbe84a82dd9cf38a06a9f07;be2c9f934d8a4f4e2180b4fb554d4ade44cc167aab8cfb745b88e031c0b2cf4a
7c2f3b4ad01e9e2324ec6cdb4f85740c45e5342a471c71e7b47e8896598308c7,300,140,2025-10-13 13:59:53.457262,c5f2e67a187a53989c92971bfa3f350e43163ff54b5fc6ecd06e7026ae59ae23
ef6a173dc38133d7fedd61db4537369bc00352a2d77d30e332e38801f47689d8,284,141,2025-10-13 13:59:53.457262,c70738becec3829a347219f6aff7017118e7e3e4cd924aa4ca04c634d143f08b
dafeb5dc180ce287ee9a84641ba3e8267442efdf695ae8ba4b77aab19deb5ad7,245,245,2025-10-13 13:59:53.457262,fd1c43d06d99aec5b7629f1527e4af321a86526041556db43e308e1d7fd03982;caf0da8b3d7fad573eeb9cbdd65f58467a45d7c323d42d1ed366b59f796afbda
ab7ec654cfe433279ca8e400c451fd33a6442f008d6b8d5de6ca2660af6a5dff,440,112,2025-10-13 13:59:53.457262,14cfb538db87f3df2c7bad8656c26b7e45956e375c254490bfd02d37e0381852
15634163e89eb8d881ee4668030ac548067731572d3d443a1586c5fd5f5d652f,220,109,2025-10-13 13:59:53.457262,8b52b84cce6d33d57fd4d8f969e3fccf91e702cb8f125f5d5e12ebbc43c22462
765596d98ddab2cf7bb7f2eabdb2dc1b3275a976a6b91509a3c96a4960b48013,114,112,2025-10-13 13:59:53.457262,3ade840622de0c1c23d7fe2a24e5e2728af8262ec1b55bc609e6818db864e364
62480768c294b37d22d913b0ddece11699b526298a19e9986f98e3d3f4535a2b,281,140,2025-10-13 13:59:53.457262,bbd3c00f74bf22042de352a1ca406f70dd3024d51061a52ae4772cc3aa6617e6
659b10d6714dca9745a8ccb568df29467e351b412c891ec76590577be55a06b2,111,110,2025-10-13 13:59:53.457262,ad708570ce60018f2bc334cd47bf6c39b0070659fb3818c6654b07d88626a2f7
d8bb5990eab0073713dc4863e15c787fac74390c235beabce2156706ef96c9e4,2000,278,2025-10-13 14:00:59.337553,29d8f51c458666bf26b229738223e458c1394bd495fa3287beaf94aa137bbfc3;5c9a946e5c422ac20aee8ba69c3fbca9683c93a92afcdafd7982ec490f2a1b20;2f310e41fe17fc20cf25f62823b1653bdaadc9b6d851a04b7b2757467e602a96
dcb871bef5775593cf79053d4f82d54c9d5a4ad07e3e2526f7f011f987e71bc6,664,165,2025-10-13 14:00:59.337553,a12871e15d44d002aa366a708aac120a4b43e8ed540d8fe97ac4051e0f46fe21
c97e01d8864d77ada9b35b5bb2fa4dda6937a0543567754423a65e1576251236,209,208,2025-10-13 14:00:59.337553,a104c4db36e28a445bd4e149f3a5c917e1ecb125d48c014b28e654cc9a7a966a;878e027e31af513c90f26408b17f55adbb8317f7094057ff1ff72b8382b5070d
f30e730fa6260d5169501ff3a92e4f99019d265b709d0547b7dc6bfa5b63e254,110,109,2025-10-13 14:00:59.337553,76b5491884abc70d9a0edb54a249d470559c69716198c7b557cc774518143d8f
9e11c060fc026559a058c6d2d729f8dc70cf7cb3705b6e4c64cd698f0a0f0e10,2000,202,2025-10-13 14:00:59.337553,1f2ed008d7a97ef9d69c50a63d5935bd7de685e3c7ac62a0bcd6fdf1cbac85c4
b224a94ea3c7832747fb694649a85831be9656a40f5ff810f3def75c5988aa40,322,141,2025-10-13 14:00:59.337553,c50c5ac356e86643c46ba6a7e2bf0417711e7b008c6a2ff9ed72097e169c5d7f
1992ec6a57792c31199f336721cd7b69e3ea64e42d20469f5bf17ee44d971520,282,140,2025-10-13 14:00:59.337553,50a73e91f2ae94f095c78eb32dda55633b38558e75c04735a4e0e1ce3b773d6c
908a5ad282224bb9f9252fc867093edcdd9ddf0a6e89394036f96eecfe474f8f,153,153,2025-10-13 14:00:59.337553,29e1d0a46b8e07f72046bf2af39f1da279c315c73833ea4e9638dc3189808b89
ae4456afdc703cbe6be9785f63ba69cb3082d64343aa1c8afdaac4ebf7f4cefe,1613,1364,2025-10-13 14:00:59.337553,23f2c49faa61dfde190d0dd2a70d42582a5b40274cb7b54fb0705d33b166006c;f868ab5579ce79f4a88cc46dc861239f2623defd9af7784c93f1445c9f24a080;a8af69b176d607b6fb56eb37ff10766019ace4ce3a9409d1db27f9b4ffc99ac2;cffb581ac1bf29973b0face0d493861bc9b6179628cd5dd9e579eaa4e0201c70;f3cbfa160f67a592b68112408bc876b153841ddf042382a0225c90e306a91662;666e2c1f88a8fcdced6f5639d2b5ee630bf203dbdfbacde8c1d99fbc6667780b;425981d09c16bc0beb33e173f5b3a3c76e92cb22cfacfe5fe9598ac61a3d8123;5a50b05eb54c82f2262cbbf7ff03b91d19459a81c1b12b150dccf7f55b65b422;6e0cf43f3678109b69228350ce5f6cdd80b4b90dc8687f8931fe30b5cfe10f17
29e1d0a46b8e07f72046bf2af39f1da279c315c73833ea4e9638dc3189808b89,154,154,2025-10-13 14:00:59.337553,6261d352229307531d0f0a2220e9ee5866f023be069eb48cef43b9897982d86c
95f8dc2dca3f919b1f8c45cd480985c20e02840a61547ab6627f4774deec2b20,488,222,2025-10-13 14:02:04.727557,7de9af25ddcb00d0b149a4ab925b56d4f479091153a9ff36c35fcdc95fae47af
130c650f1e1700cf73d3475e42fcae38595f3b8dd602f02bbe45526432b01799,987,358,2025-10-13 14:02:04.727557,07f32d9431cc260edb81f5373b46f8611c203c3a3649af8082f5ec4dda44ba90;915e43d58f728f1770f9a178c43836e2b9def2e07d40f5650e660593497c081a;e4640a1e96412bb984c77c87d623cad6dd234e731bb9f7b717ca2af317563abb
66e608a11e6eacc1e7a1f0eb173830e587aa2d5f0ac768d9a6507628da1fa763,420,209,2025-10-13 14:02:04.727557,c6a8bb282c3f435f7c364fb30a6f0573d4080c832e1ebe182e9b25f43777a5f2;9bf0a6559c7e9020edd954bef683279bb6ef9cd5df576749131d48103f4a72dc
72c8590770e0466f2e57c3f3cce2270822a0986367cb2464051784753ab03b31,322,140,2025-10-13 14:02:04.727557,2c01db702286c21ea259b8a670fcbf8d8fb5d6ff52e8ce4ad22fd63f40009d82
ce5492c7fceda035a8fe21068c36f4c37da6fee6e9be257e50a86de1f6eb6899,38359,121,2025-10-13 14:02:04.727557,8a786da1f522872a9ddd55911c7956d2ddd5aa4c7c97689024bd27a189835d14
ff85049332663a0112d1187df43c20d729d2e0d8dd139f4b92aee8fd59835bff,226,112,2025-10-13 14:02:04.727557,95b35676509763f726c8613e2c75ce28fb8e5343c41038b58602fe8bb8ddd63b
46b88bc69f25d280544244ecbaeca457c18b9d049491dc8d841c24a67a7c4756,7380,244,2025-10-13 14:02:04.727557,be82db8480f867320196f976695f7468dea934bb9ecc109a4f0bad060bf3d66b;262b9dc13dca8d1744ce9c8b5ccc5d56f38dedeede5a4a27c3a6f892ddf4a08b;343b79c36101e06fb9819b01c1102e3307a7b5239f11a9f95a8f4da86ca8eeb6
3458e6d9b2ce369c3e80bad26242662b275aaf32ec162c30d3dfee59fae42479,154,153,2025-10-13 14:02:04.727557,9471bdc707d0f4bcdffd34d31e7ea68521838841832056b841f990b3a12ca096
9471bdc707d0f4bcdffd34d31e7ea68521838841832056b841f990b3a12ca096,154,154,2025-10-13 14:02:04.727557,1a1b0f8d64a51bb80739120415ba2502554af5d2b65958a67d8b18d9e86d5894
771423020ccd7fa306f44cc38b08369270e2bbb4a8e154511d8129455d754d11,282,140,2025-10-13 14:02:04.727557,79a9d2f299aea97729c01e4aade24ddde26a8e36eef38094834009cd8a7f2bc9
232c260d805dc8e7b80906bae622f2e054d5860d5828b5df1194383ef2f50140,282,140,2025-10-13 14:03:11.002667,6dc7a4cf947cffff0623326ab020e9eb87efb7c4d46f6864b071a43e0b7ee828
c8a02584a8c73213b89f4369ab49dd3dddd3c9fff3cc5d39362eaf7c40099c4e,169,140,2025-10-13 14:03:11.002667,5494aab556d59e35a782ee9ec75980c9d51f0acea6113b8ce2de477950399f71
87fc846a8f1af36498fce04fe4c880730a5e307625ee92a12473c419953246cf,225,112,2025-10-13 14:03:11.002667,69d220811839850c9aa87e8f38c10e45c7a3b93a4aa29bb9043aae0d78b2f92b
031e7fdd6188dd4c831124629fa2b5c749b4aebd9fd7f67b98c707e1934618ac,257,109,2025-10-13 14:03:11.002667,152bc9e7212e0c51082ccbb4d728d3b177eb88cefe6770860a1515f9fd625dde
5435ff810a031fa3bc143300a6103affa9c57f392d47c0ddcf7f591dee554564,400,257,2025-10-13 14:03:11.002667,fe91bbf5ca65ecdbdef0e1a40ce4d7b130febfe6e6aab1bb7fd46f97e7436a22
23f61371cb9132d61bb7807789bb3f37549871ac9fe7355ebb98b81076b4156b,4949,4884,2025-10-13 14:03:11.002667,f58f7da4e29e36bb240681d6b91e55c44ae3741e4604108694b6e9d62d809325;83f66b1635a6708882329907050f5159d1d4a1f65b14ff95597f4bb821d70f96;06b6f55634c00700d539942412144d46b2c2c815bcfc747cfb78a74846cc11e0;ccab92d29b4b47cfb7abab0457a44baf38e067273070602bddf5ebf38147728b;beafd7db7adbb6184fe10e3cd3c351ac20f8883d44f6c4f391dccbf93eddb3ab;05ad901a85d40aa82673c182efe418e9164374280edb88adf0cd39c22e4a569e;183eb2cba5f54efb9736d4d675de9ebe09d2fa50a49d3daccd18dc533e2d50c0;59c9fd8882d3da11a7f84e27e819aa1a3dc8bd1ce0db061f580e526f16c29d70;495e8a60c822acdbec6e8fbd82568ae2a9cb748776686d27fe1e1dc9952052ca;e734d62662afe62cb076b21e007c5f679c49fdfe519afef8ca74df09a02c6f8d;d2039b71d91218deeac782ae038763dd308bd6d41f6a9e904c22f2911dfbff5d;9d7955fe225e56d6b229fd3c0157fda7692372d35134462d462e79732e39da24;a7baccbf83c16fecef5a06c75bced9c09ce88156f594c4a4b89e1bc537b2aacd;287180277b67b2f787081819430fd9cd9dfe023e4280a854abd1de25787535d0;82f9a7f0e5aeab2ac28296be24f366f562406d8c4c7632e97d9f038197aefce7;c5f305a00b6af01ee2661fc0d84719232ef831ed2bbc59f7e8f0ee368c20984d;2de05f84d70c12a7e305960e80ad559dc5c7ee454636ad37a38717d0d1e47938;51c7979da73a400df6d8549de568f38f92384eaa9b4cba7d3ab0dbd940cfa985;3a463f4f71db3909fb1480d4c976087d241169e6c0654d2273c3bf672536dab7;3280c005b7df5214c64b267da28ded008b34e6628797d8d368292aa68a20b2d7;8a56c6c7e5a8bef5f886822ef461ffaf928a8a8b9c59c57eddf4b195e10fa349;e8522552fce1aae9d373109a09933b2b8f5f8b6424db42ba0a0e2048cfea03fb;dc20675db4c4b2271dcf445f69600afedfcf6651ef1daf5787e07fdb4dc2cbd5;bbbacc594693b019ee205c3d51752130919af1396aa9f6d4c991d67668e1eb72;00cea5a49cd4effc27f94d000216675efe0f64a0f0cf8f761bae385f5aa44960;49f951b82ea94724975736d9a23ada793f87f97a4cf02d42b085178a0ee98eba;e19c2eead024d32d3f713711d9428a62192508a84315c54edc39dd66fceb9649;f4d007a878045f3813ace3542e6508745f1ad8b3ee634738ef633fdbdfa7f357;b2b79309479cacd57f1e5c0d659d8ac1668357df84cf63b2ed68125ddc221034;40a99fd6e6d61811fae1d19b8700e83589f0899337efec23a24a8cbecc453ac0;a09068bf079eff6587794f76aafac0f67b304a08fa896a21553d9e1547cbedfe;d575177b84e7a285224710818777d2945b9b29a12e154fae76cadf76440a00ff;4e5111fe80fe8a9358f192e9e1552ab366c863289c6c4fc2f735874d999f252e;d2762fd13003a5205ffb22ed66a00690d16f7652c1eb7989afae960ad207c4a2;7068cf4f7684dfe68b537776ff422921e11bdae15b5f82ae96b431dc3287e659;8a6fbcc02cae5848afa723930254f0d92e24ede2a7907e1734f7c77bac8977cc;4c0120f79ace2850991d9acb4d98e06715e33cc097cdf2c9d5dece7cb61a5504;4c89e79611be7941aa9c81c039aba0fa67678ffb06ca51bf6a058393ec6bf615;ab22057cf03346a42b04cf6d2df4a0b70c737dbe95640f50fc7f2349b573123e;ebfcccd55c6ec5ff151f8c20e51ec2abdb7b8c5c795f9a34f9ee33579eea08df;e4b4388cd5943691770a0d63961aacd356bb794d1e0d4c48bcd36cec95dc39bb;c49a51f9075674a2e9fc9d3dfbc15b9f5b385a4d97307b058da80cad56835942;50431a3dacb59c9d85c41bd4340b410e9e4735c1aa1f1bc731f751f2b60bcced;9bdb7b219e2b5cd28985e897f6898a3edde69c581d2a11e7f8340fc2a13dce05;a20b91231751035b86142fdebb2b8e128b258159212f6ca44d640666a012899a;c02a041692d608dc599f88d5f688e90b87972a4513c2076c893d561f9eca4038;1642141f5c221926e89a35eaca8ba043e34c2aea08833e10538e3ab8d9621bf0;c454260367afb86f493f5add4b47034e1a1f747a6a7361557313167eaf8f2f1d;ee12675a3404744edfd8e9017377215df4c95f94d13a433e3d89d7c6432f2ed1;850181baf2bae72d47e7d9dc0132adabfd73264f19207f533c4397a517682937;3083218cbac05e96740e78ba234a53cb53d80c5f90cb18a6d1ad615aa97c7ef6;40441e6b44614048220bf8100136ec000af0b3c488c1ef2b808c4991e247015c;95c0e2ea54b1cddbbe09baacf2a2c0b04165169a51b19ef4b0737dd9c2a45f3c;305bd25e4a45a5acdd274997f05670844c7d53c97b72e93a53beb034c3cd1097;7613a669cd3c50bcdaf34db2a254e34f4089af9bccf6cbe9accd0fdbdf8b24f1;d13f3dd7b2abe1a2eb5f13efd0bc757775a63fc8f5bf429d5108ce5fa5479415;65c7413165b903968df8853898a88dcd10e3f8ca0f576a4bbb56e854a695a1a7;035958a897ecffcdba1b7b00cce8b0ec135e254f75b7728348dfe1a15581be9d;3ded94e11d18046291f5b31b18e3ffde33ac213145611a66ada0ef2c03663424;915c290044bb2d372c004495befab68f65779b613981eeca18d5ca78f98c7a1a;519633bbaa48e92257327baa8b723018b93bcd07800142a7c738b73dfe7c95a3;fcc10622bdb56e32491d0aa6ac5bc83c3e56ba1738bcd8fe96beffdc5b6ac650;32230525f22d3e7a04f2aaa60260564cc96b9f59fff4873e1b74a5eb1c91cd61;87f4b529fd61da7d7a3b948bd178d25701c5f866a7e5cce951810ac15e8663b6;10a47b28133ca065453f80469e930b2ebaf28db55dfbd8d48c9f21d0eca5695a;a6a0c9e82419f0ee4f6ae0f58175cf7bd5f2626ddfbd6580dd8a0ee57241fc1b;6db9e46246a7d049b55d923e6b15866f32047c62efd340a49377d0fd27f83e98;4756bf9673128ab140afe7f5bf8e85f2ef5baa961635f51be8e804897fdd7539;8dbfbce50b85f2c2590b45f254e38c67b7942077213ee17f4ea283cb71ec9e0e;7613a669cd3c50bcdaf34db2a254e34f4089af9bccf6cbe9accd0fdbdf8b24f1;2b87d807b028e17c75f556392096813b7715beed49f34923f3f138eb73752193
6c4c689eafd6aeb94fbc6aa0ccf0f40b6d266f559a2a6dd65fe122430f407e81,488,223,2025-10-13 14:03:11.002667,d95100b565cabf36b2533262e8e79967cfa170076642ce40b554bdd755335e1e
d1ac2a995f39a870fcdea5aabb4daf9aae570ce2ec3b9f07b1aff12b8f939b0b,141,140,2025-10-13 14:03:11.002667,c8ba424be3f41eb2ded199abd393ea9337c7b034be14ced25d8c825d723a733d
32243f5351139f7e3034a1f57c5f00d4bffbcff398437efd687987d4654c526b,488,222,2025-10-13 14:03:11.002667,81f8a39ce7d9d94dbe9a6dc235a3cfc7fb4dbe70900681b9fafc3a4c054183b1
dfb6dedf251f90f8920a10f4e7ae6e52665e62c1f0c4399c7b916301412da649,784,112,2025-10-13 14:03:11.002667,682f30199cddf957ec6d4fd54cc3a2ee181575bee8e21d1ce0c4536343ece8ed
c0279394e8931de91e1ae2ebcdd85f71af3486bc44d95e779e6c76991318dcbd,212,140,2025-10-13 14:04:17.428700,b0e17191e6190c0c86cfa8d2215d7782c5ea33f977097282b2ed1df108ff4730
12b39c82a682d2c0ec7ca011cb8382364a97eecfc9d44183bab4d69584acd201,1833,140,2025-10-13 14:04:17.428700,89866b75c8e55426d48d04969266e69746f7fa755764a57649cf8fd251e63787
32caec11f261290547baa39a1007af7369fd54305d3e1e8a06cd42b40b8cc6a5,288,143,2025-10-13 14:04:17.428700,62d8c364402daa26a2ab4782b7c89f838355764239b5ad8deeebd0fbaa088844
210c10bba018ad280e056d56bbad63cbcfb484636fd39a9b34359486ddd8d19f,2000,164,2025-10-13 14:04:17.428700,3772720245b2014fa5b512ac7eec7093c19937d69a3d5d5b2dbfa3798a975456
9238598b0e1f4ad637d2c9d15cef8c59dccf49c536152f9cdd354fe8b2f43db5,13684,6831,2025-10-13 14:04:17.428700,82fd57643115769f93c59f278c17765a931f96b6251a30d61bcfe92d6eae7437;e31dbb9b5ae5bdf48e7ae9bfc81f2917f5de6d0ee6b385a515e8d133f08c28a7;b5310bee6138a2f9f4ad46e61f1f237ff3204af70630f33a307739d142a4ca30;57355ede7ffff72d84f4ecdb5af27513fc7d2c4ed664d8a11dd632ca501a6ed7;b3565a6fd41e7771d5eeed559f65e2a3bd0accea2544c67656a59f6fd4ae6c91;b4b58a5c4b1cbb6880e25790a407debcb311d40a0f8c4fde30fc0daff714ff8e;8140a7d72481666578b3f2c2c6da8f5ed70998c39816ae7d8f6374fc6ef2957d;d8f63525abc4f7e12d0fe312f8d4d18d109b8a26fddd798f780cb2a1db1455d7;ec1d3865bb4edb55ddf6d464e4f9b4563c9d4ccb8b750d9efbcb50152352c15b;b4b58a5c4b1cbb6880e25790a407debcb311d40a0f8c4fde30fc0daff714ff8e;b6dbc1c6d04317a9f5932a55a5c171cc16c2b58ac599c19ce8abf288f6a4ab38;4c2fbd02173b6ed5a9e4672151ee41644214b086bf9b4306e2608f065f6e4e81;1313713a39d44ef13456e7f1b121ea8a28a46fc813af89ffc8cb754baef7e55c;2135bd790f0598d561a5c04a1cb7c4e9565dd6b415dbf7dcfffdd50c91d7aebf;f0d703906b199bba1ff5156598deb80d3870b87094d3ed605da686d8a3f4e391;dda154d3349173e62d4cb0a13e8b699ac865e1877e765f3b562b210002b151b2;1d74fbb84df6f894d88cfd21019f16283c5964d6715d0bb78156eea1026f048a;357fb3859e0cf487759663ebe8c84e76bc20355680cb6a09617cef38e4cf4c59;801de848e41926e8d39fcc8002408211bf9b656dee9c834e08277b44653061e7;d1464936ec9e3d4ff111a29e245554142d1b194f517fe804cec2d1a260a8c585;abd62cc8f1ff9a2610e4f4bd420812240812b363f56b75ce1e3e557d9a790882;5cdea740e9aa9b28bee6edec8ceee2910ca342878ba1bd2ccdbdd90999b9c48d;4938f5591106b9a654b74dbb9b317fdaaefb271461686ccd2b7b4e3361dadd6b;18472edb0486b16abef8ef3b8d3eb6d3ad34e006e0e23d621bab0dc2215663a3;36b8ea0c1a01090e5e8ccba480af82696542bd160932d9ce4d0ae3df45aaa72a;5d50aaa839185d08eb5d3e6170660508e4f083d66ef833aa665f073073242119;491a278b3fc8393c32e4c3b5f58a34d10419fc7d4c63c35cc5458263a4a5794b;f2a5ea172df479c898fd5bed9e71269bb54d24f3d2bd2cb2a3e68600769778a8;31ea7537ec23f0be858000c2f1968b6a12d284f42bb3fdf61f7b0b1e86dec54b;7cd3534517446c990cf2f61b859c39a50c54391cce1555fdb74d33f66fd3a6ca;357fb3859e0cf487759663ebe8c84e76bc20355680cb6a09617cef38e4cf4c59;b2b957618f0ebdec4c0b1e40f54a1a5fa5e31548ffcc015c70d58750c4fdf638;cc50b02944f3765c7bc4fc83f21f6b071ce0c61bc4fe84d52a8ee50d01b037a1;9fa1471c9ffdcb497edd31b149e620f5fe1e1c7487d6462295a977177782d864;07b329be05fe8c334388611263662ee0e8b70ef2c915254a26ecc23b1acc1600;f621531a05ee81b26e1b16ffc7b6ca932bfd2a6a65c1830c75a4b8e55dd86196;b63b683ff1fe30304e8f7915e3fae57bd28a07405aefbdb5ab510c083e838663;e5f344702b6ce075da04e297d25090c8a26dee4b3056297d50a729a39c0c77ac;1da5881dcd39cbdf9d9a34716235bae42ecb79b2125cd26a28e5dc71e89020ff;735d3b1bca15d18280ff7f26fe37272ed07840d1c35dbede93a8b1d102a52ed2;801de848e41926e8d39fcc8002408211bf9b656dee9c834e08277b44653061e7;4a134b35f6386d43254393b662046a16ca658db217ca629343976b67b743bcb0;29d68e75e86957278393e0ceccae5c5f746918c7660ab14bc507d941ed0c6e8c;1313713a39d44ef13456e7f1b121ea8a28a46fc813af89ffc8cb754baef7e55c;8efc3382e8018aca1d2f3ba417eca07f546ab19c75095fd6d306da9b05670745;fb5f8f7272ba1d2bc0e0428b4773a73c1130e275c58f5c7000d26fdd2858e292;52596850da4bdb0f5e018597adedc61022ae0db4a375580f4f9567f74b321974;dda154d3349173e62d4cb0a13e8b699ac865e1877e765f3b562b210002b151b2;53af6caae0adfded553a037ed22df583404c791be81f3e130635a8c6f22f062f;357fb3859e0cf487759663ebe8c84e76bc20355680cb6a09617cef38e4cf4c59;0ae42cf1c67082c9521a5633ec433669e64ef6ead21c5a136c5e744aaf5f8395;54b16634b499d068b4b89a9c077a8b87a22c3806059e4c1917c082f93b8942f4;59d06a25ac77430333d2e792734778dd2c46fb3c02c8503df34b23fa3a79c25f;aaea015da1c0f70ffd735916485c2590252f00c91c3e42f17e96a7c0ce5188d3;07757ef87b6e1e5c32c72d1972253e8a436274cc2c55d661db0c14749f5d200b;d71dac28fa08bfc52348673bef4255c9e81c4f1114d7da4ad2d1d3194478bd63;bb402d8b80b6080e00fc4557f65eb2ce34f0fdef962e26e6cfa71d17fb33ddfb;31372e38c30cf34cb7d0a73a2f31115e92efeabb8844639ff2d79f79c119087b;ec1d3865bb4edb55ddf6d464e4f9b4563c9d4ccb8b750d9efbcb50152352c15b;e63c29e7e3e45af6023fbcf461efa0fc30aa399ca751ced6a19f57a9afa93d30;b4b58a5c4b1cbb6880e25790a407debcb311d40a0f8c4fde30fc0daff714ff8e;111c1aa7a9557e3b969e799747fa0efe34e7a0ebeeda1335ffac954c95f1fff1;b5310bee6138a2f9f4ad46e61f1f237ff3204af70630f33a307739d142a4ca30;7f68db6d9b70776d748d58da5ef4ce80b8ff267b435479fd7115d8653d6d61b3;491a278b3fc8393c32e4c3b5f58a34d10419fc7d4c63c35cc5458263a4a5794b;d71dac28fa08bfc52348673bef4255c9e81c4f1114d7da4ad2d1d3194478bd63;aaea015da1c0f70ffd735916485c2590252f00c91c3e42f17e96a7c0ce5188d3;8e5e6e3a2d6e540e87cc718f4baf5c167f42b11813e8188639aa6bb6e43c067d;e31dbb9b5ae5bdf48e7ae9bfc81f2917f5de6d0ee6b385a515e8d133f08c28a7;9c45e29a4ab067d60a63fd60e5b4fbd9b4e76702a8be17fdaf39f627f8673aa9;02eb75711ffffbe1cc228515662de1c8ed613d663a7be0f8ed82189cb255a79b;f9ec7d409222d3465496197622c094f21b6ec35443ad3f8d69ba9eb064f6c5ec;8c4e2f3bc7378ee37d5709dbed3a7d2d4b729b496fcb61b192f78fb41d8595e9;5e7cc7c07b4fa612c54bf7c012d87cbc82b229dccd481c64e458f59a53ef8cb1;cc50b02944f3765c7bc4fc83f21f6b071ce0c61bc4fe84d52a8ee50d01b037a1;02d4f54fc539ff6eb7184834f46bcf7cfd09c0a0a9d93a8c9a2e573ccd8b643d;fb82d6ae415fd66cc472c728c8c529480c3fe951b1ece7f5b93d95c06b98e35b;26706cb59c9ffe88194b602c7fda177ffadc1b02993213eeb1f565bb3c74ae79;660446bde7a04cfbb7c62fcaa1de89c00388e2317195ae03b5880e42f03dcd40;9ae114c5ab5e3e5dca778416099b5d865c2071ee5afb60f62240dcc4b8fb3b24;183eb2cba5f54efb9736d4d675de9ebe09d2fa50a49d3daccd18dc533e2d50c0;5581ff62060561cb7294f0b38c77454b282f6ed3b3670370424f8a6d6f1a1713;42956569a78c0c7386dbc2b937a8caa46e86dc777cb74d351e8f38e7bf93f1e8;759226733d5034d6517ab610d2f901d7076b66829a4773175657f3a9492bc902;5be201d3ab654e35741aecd27b963220257d691d66dcf796635b64ff6e383031;b5310bee6138a2f9f4ad46e61f1f237ff3204af70630f33a307739d142a4ca30;c78d5726c3f0e3ea1ed95fc8f50e5ac601ed6a416cd34780affc6f08d26945b1;f0d703906b199bba1ff5156598deb80d3870b87094d3ed605da686d8a3f4e391;54e28ed7fc14d3bbd390c763a29700fa63f663f7f99bb32de1091546b649e0d8;abee8ee224812c5a7005e84658ec92d5659d377f22ba1a7b4ea54bfcef2c2ddd;73bed3714aad049257bd126726e57a173fe0ed515280280b10afce3dfc21d333;622f3fc370b7f7f78f2e9f53304d9942ca8e07568f849285fee4ad474150da97;b4b58a5c4b1cbb6880e25790a407debcb311d40a0f8c4fde30fc0daff714ff8e;4a134b35f6386d43254393b662046a16ca658db217ca629343976b67b743bcb0;2959fd421e93616f498bba3f8eb76e213c752cafd082e78f1ac93a3a0b32c2eb;da612d5c669a29d28c12bd1fc72c6633661a115e0e77ecf76a4e60649fb3b5af;fb8daecfacd3f2f04f5e7c6c4c0ddd11608d1ed4d0925e0c57a66c63e4229b7c;a81449803c58eda7b40092a79efddcf6850b440ee111016b738fd62cc0016af9;7e1e73f14719591ffc7e3b06fe5eff23c695b70311c951257cd04d208809a31f;bd273748dffd5d736c9ca2056e7a97bdfc8afe6f6282012ae17c4c945a399b41
f6782536adfe85f050a2d6f2804fd8bcdd098aeaf715a1ef98729e788a574d21,152,151,2025-10-13 14:04:17.428700,25a5b7e2a39027063effbb0340493b853fdc02849fd2e262104dba625deaef2d
a410cc9a881ee0972a497c2a310e6b2d518ba2d14f59541647a4480f17d1f363,282,140,2025-10-13 14:04:17.428700,9ba2d40621fad59c0b71ce55153e80d50bc85e5085d115b94ca133a50abf18a9
25a5b7e2a39027063effbb0340493b853fdc02849fd2e262104dba625deaef2d,154,154,2025-10-13 14:04:17.428700,9144e2bed99a7c03a5282c04919e9ddd0207ffd5f0d8c18fee67a1634cb5e79c
190558951755eaa154186105f56e8d6d361501009ab3c3ea133a67145c624393,792,519,2025-10-13 14:04:17.428700,040f6cc9df9023d53ece2d6cd18d44b1f40df0b9c3a11db3c0bd47b080540909;327dbdc6e4d29b29dbf7cc47778e8039bef92a8581e20143a987ba75354cf56e;76169060ae0d5caab03466b89eca27575c3f3346e3df8b0304647b2ebd5326fb
b963dc304e9dc510a2764ec7a50ca76013cdaf33556e01bb895c9232750f8d43,143,140,2025-10-13 14:04:17.428700,b0f7c28aac9107efcba3c8d99cf0815f6c57567c81c31207680160206e8ea8d3
9f9b55d9ae0e3adee797b87de68849d4c95f0f0d7fefba5a73ebf8e7eed1556a,824,276,2025-10-13 14:05:23.142250,548c3bda6ed895e7adcee798a154b0b1889a5586666c9fc6d0d04f358e6d84a4;1226dd537d18aa98b0a072f0ca19ce556e67cdb03eac967b3d799a8dcc72ecae;2cc0f35abc4e1f449b383b1ea226dc33e50b20cd922347e06e2c9af6c5df93f4
5f4212d5c635f4037fd83c0c3ba04866d46a657c9ee152f5ad43049ac0333f8d,236,192,2025-10-13 14:05:23.142250,f88e6d6a232ccccbd1b821058fc0a7f394a2e1f9b5415a9f0e7bc649c2ac75a9
448f41c18eb6ffbaa702ff9defb782e4cbe108cf3b8fc4adda4aafbe57dd8524,2000,164,2025-10-13 14:05:23.142250,d5f3b2c4d001707c5ca107781e348f8cc80521178e1c3ce59b3f2feec12d83ca
0b847351a44ce36764fa40aec516c82c4c1d23bc00fc31f5b18d10d2d3b51ddc,402,199,2025-10-13 14:05:23.142250,ee0ddeb0fb0fdd881b6cbb9a39ff68ba35bffa33554e3490e72f978e60fec2f0;70d27410a1cb1ec7c6d87d520a6bab198e3e2ca54e0c021c856b2ace8a5be2f6
e403dee4bed3c2c11e5a8c94c5af05b50fa1f6b64f1a2e82db9cd473439b56ed,322,143,2025-10-13 14:05:23.142250,a90b75b9ec5ff6bb069a292dacdd637250b3f33382ced195cdef7cb64d63ca16
5456f4f92170a989e3f88cdcd36dac45b70acc286b886c55d0139b1aea99aef0,154,154,2025-10-13 14:05:23.142250,284907a465b9efbeaeedfa10f3e113ed42a66293ff3abf07258db1ff66fee4d3
3d4f267313891b39f4f3a1482151b016a0128d13316a3aed7f608138433a4d4a,2244,370,2025-10-13 14:05:23.142250,69843f732e2d6826b266197d0ab8c2b272c6d32b75ac2b2414d39148a2fbc856;207bd1f38b7197a9063b3a186ffc80db24582377fb419a7de9fd2e7496df7a78
8344406e53f1c7a6e19aeaf601b1546518fe373d866f4ee4a5b74672c0fd05cc,282,140,2025-10-13 14:05:23.142250,d502c452a3c4428b78639dde51eb512e7d4b4885edad88397629e2f7c69f9181
9c43ee53869ff6de08ef9ffd228f1027093a2503d430edd981f9a657292a2768,286,142,2025-10-13 14:05:23.142250,1e45d57ed0fddbe9f07453570e48f55e67160e5ba1d3bb1a27fd5dfa15817536
d62a9043515f64760ebe12e6f981dbca05f17262d3b642eac201d7db74eff545,569,236,2025-10-13 14:05:23.142250,ba54ca6506cfe95d2b4da867f82a0af4ef8ea3fe93c093ee526c1560a3cbab94
63f48268982de6d30ee4b47530d7955d15bd7c082f6986f7c7906277af7ea1d5,251,208,2025-10-13 14:06:28.682155,012d5d2f9ec36b7a4031083a5846af2f18fedc484271c89cc96d144ab9f01a74;c55b4ec1ff655f85287c93f796b302f5f270ab09c6bcfc2180e12493f4c1288a
71ef710da78fa110190f1c076a390b5164ba21ec50a9554e5e430a912307827d,1128,188,2025-10-13 14:06:28.682155,dc667c7fe60d161feaff12094a5f708c6a3dff98d38cd0599a826011e82c3c95
a47148575b8195817118f0509f713d988c9576e9c91e8edcfc7430370bb9ba02,112,111,2025-10-13 14:06:28.682155,65f137809ea466f221ed61852df4203f2db889aed7fb613e64af83e7987dba06
92456dbd1b5b2487e40fe60ce09d583b85bcb32965bad6f58b2896f9c5e90363,731,140,2025-10-13 14:06:28.682155,15ee389ab0ea0cf35ef35b571a7e27722554918895397b8d6e8621f18a5818f3
3b261040951a424840fee81a6fa697e55ee36a1fde481d6be4a6c1db0d1c172d,2266,452,2025-10-13 14:06:28.682155,772aeb52c497e16ca90c2a7754bdb65040a34d36d5beb888dc4680e776ccbd00
c2ca2004cd71d92d2f32b724d50659410f5540e2257094af0545f7ac18109dc5,423,140,2025-10-13 14:06:28.682155,19dc4c3498854ec03d46457c80d0eff69dda74f4b745b90302d6bb459e5ac3dd
b27cb9c3b385d1fea9857e47ffff0bf1dc6a7ea42bf636cbb8bcbadab003a105,418,405,2025-10-13 14:06:28.682155,f3aecc4b0f6daea870d1b9c4fc167f798c71b861e144d31e2bdddb6bc10e065f;2cc6b0f673a53d7a3fa76073642ad4f773d234165a449d15cfdd60964decac9c;dac2e806ceffbd369670a9f72488266e518a498fc570d484d83aed02fbaee3a2;34b2b42f6c21136ff02687621c5a7c986a1431a65b499e7099016e773317bddc
a5373b701c2f9303151ff0cc4f8e9cb82334ae18d6fdba28f0a2d7f9690ed681,692,344,2025-10-13 14:06:28.682155,04d647a659aa579fd70116f69421441183fd41bd94576b730eee958c8187dfcd;d01f537a2ca0baaa4b71a1cb05e020adfbc4ff4f76b47f664182c8e2471b4e2c;38bf9c900da0d98099a3face3d052f2cb29907f53dbc954da0f65ed42546c946;cdebee2e9168dbb7b6abd2bf3085d5fbf55dca10a62c4c6c5563282c83b7838c
4282fad7984b5357fd28eefe7ac1f623c149b7abd70a0bd141a9d9938e58d30b,500,109,2025-10-13 14:06:28.682155,fbf41e81b1000f9d4a606ab36b5efc66776cd968f51ef017c0f6965720fcf45a
51aff8798016fda44a3baf7d17b1ce6a2a31f9e3c2ce92047dc599f807dfe7e6,500,143,2025-10-13 14:06:28.682155,4282fad7984b5357fd28eefe7ac1f623c149b7abd70a0bd141a9d9938e58d30b
0b7b147c979d94533cbb1498ff7a66ee232a50853f3b74b8fea8543f48d2f0fe,423,140,2025-10-13 14:07:34.408825,b7c3ea24358e3153c88fdb508513b276b1c16d22169d5e208436714c1965645d
ade0aef176f2e01e233e70fd4ad91914523ace564af77832af50cae6d002513d,2000,273,2025-10-13 14:07:34.408825,be3d008209934d5d722f7df1122c641bfc4dee75dd2f856704342af56222b647
99b0b901070fa82083850fd25d747daddf1b42326957cc98d7368aae30248e0a,1668,416,2025-10-13 14:07:34.408825,dba1b3f6709dad91716e68540f16174a87677fed25191ba9187c381dd2f15738;e172304c441f11ca8b8bf967ded518cc5d90ff9a33db6cae2a9c319afc76b143
4efc2f9ff7c23b90a023024947cd8b077ef9ab44be7e39519f10a40ebd4ef2fd,288,143,2025-10-13 14:07:34.408825,4e14d9c4f554861166d77386656502795f33ea8c6ea1b60f30010f26255e6f5a
5417aa2974716229b9f6c3c4ac2a37685538c71238ded9ce5479faf605e7978f,955,190,2025-10-13 14:07:34.408825,58f1f3d06e23a6b8b371e1ea979f6d81b49dda328922ac8fc09eb34479ee4242
ae3f4f26397bf4aa66f29e5d49b25d2620cca2f4328cbc13d74faf70dc867af4,306,283,2025-10-13 14:07:34.408825,773f61712b67bd14d3327f5288544f75ce63401ad4939219d72334a79f36fdd5
8de1a65bd10d22d1e0eeac666fd62ff59648a17c7813d523b8f87f3f9ea6259e,178,177,2025-10-13 14:07:34.408825,c8685c2e0b2decedce6039bd7e6f632fbc90bf93510e05e442a46d0c9375d390;6bc498720b6be1573e9bc10e00fe690607a2d51204a42d802514227288031968
7e8b4f2e3019c01b41445da85429945461f1abde9997216ccb804de69cc649db,465,208,2025-10-13 14:07:34.408825,7ea318fc17ac65b04359e63a3b591be72c3803fe3d43dc3dbb3161ec4b67605a;3f771a4b570c497809fe72ed54be8583080021ea13b16e7ce33c1903364afbed
8cf4f16394ce5204f4dad435b430e8296b039068f7179c75724f65b17e5e744e,1654,688,2025-10-13 14:07:34.408825,b049d36ee031350145571f39adefdfb6c1322c5bbdc7d76b43cc2cabdabdebb2
84c86d82f87840f78b37422584adeb9482b2fe2af624ca952eb76218734d1ebc,288,143,2025-10-13 14:07:34.408825,1b5cc7067e9b8f7130d20fafa36911a04fbbf2e4bbd3ee968589111d0b3d9240
5efc4337e0bf93a733ffb106fa97071ef86f165e9ffb5e05d9a66d108bd744d4,230,109,2025-10-13 14:08:39.778233,2593f9ec4c1b8077ad7f9af5a33aeabe5b26564b70649a7032441cfcb4f9188a
fc26a8287b7b3d344c5ca061b10c04151861c7377fdec3c73d78d0295f4417b3,288,143,2025-10-13 14:08:39.778233,8469f9928a9e4510408e2eda836d056a3b9ca11682acd26fce9c157a69898c36
02051b70bc0633b16b21b12ea0b0ab9ce52e07cdb74354f75860b85b3bc4eb10,145,143,2025-10-13 14:08:39.778233,45c9c8cffbdeabd2c45470a307f83aff1f71895178eb261384bff7269015955e
2635fc7c741d5767ec1c0fb3b48351c08a04df2c3725d744b54ecc544f890329,322,140,2025-10-13 14:08:39.778233,df21915a58077e0f94d6f533d877c1a8ffd9d5b859e4dbbc241d65a8304e5f46
5941e8888b1fbeb3b43e3b60f875d09e37a7c80308facbbe6395aebbfd255e90,62,139,2025-10-13 14:08:39.778233,1b8c3b2e12216c70aa67e64e951e1ba6c61ab802df19aac886909e1e9b551c39
ebdf2fde0bcc0de86c0ed01e729f09d0bb0be49d48b7877f61a036de8fc7790c,426,143,2025-10-13 14:08:39.778233,083cdc6e95fc67dbe8d24d0e04cb475fb1f5c9d2e35fc66bf852fc5ababff088
c1c7f3a112595616b97d98372dc5a08ad6554ce1bb66c0a050ce0d6bcae237ba,62,139,2025-10-13 14:08:39.778233,c63a470f3277b1873ae47c9a8fe92b0e8214f43926351811fa62e489dc4b7699
47f9d74590df0653500288defa7fea68555014a68449e74b266173ae1d7b8153,62,139,2025-10-13 14:08:39.778233,4e6752caf64cf4d8690243f71a5839eaf61180c30cdc65d0f5db3f98de962c02
51d36085cce3531efec4d63637ba9b1d1e319e200dfb38155f4b18cbc029c40d,62,139,2025-10-13 14:08:39.778233,6145f3556a0d7ae27cc04f0708de17448f326710915be7df7507452c1eda142d
3948c001be4706cc7f3e911daa2c23a1970d01446e6407ffd2660d7dd1bd679c,62,139,2025-10-13 14:08:39.778233,a14d489f16fe528691bbfdd4141e9e8c190ad6e6580257d137ecca078092efff
6b896724e0bc1de2708f17229e71ccd4089c57d0fe988d605397bf31ee75f148,452,225,2025-10-13 14:09:45.112121,11b84e037fea54a7ef6d8c4d1f7d34a97daab7afaff701cfa9d841bc3bfbae20
2844bb280137a662a3c5f664d3831b5a115cca050cabeec60ce825f0497a37fc,145,143,2025-10-13 14:09:45.112121,c6594813749c029ffb1a76e687ace3c444f9997b8225b64b34d7e8cc7089b8fc
a23a7cc917710f15321cc72c5de6687c2defa2a5dd5989ac094f3ba1ec8cd144,282,140,2025-10-13 14:09:45.112121,360f3080e5de61f83f27c82f14c8628d782d48480697673f2d94ba422c40364a
7ea919732f98af971440c424727f4c01a1be11d8a6afdad3929b8e9937fae4be,344,343,2025-10-13 14:09:45.112121,7c99d8754b085d1169f3d908380c641e0aafa086e8eb31ddb55c39b1e699a860
99aca02e1d29daf398d94d57719d79478cf46d02d571a269bab75ee45e0ef55a,338,140,2025-10-13 14:09:45.112121,3ee1e33576ffbe8dfdd492f774e3ca77b9146cb8615ad8bf3bf84bbb438b64af
3fd335d2ea1226df0e503bcf82bed813de98f926904ca733e75f8c316165e98c,268,152,2025-10-13 14:09:45.112121,f0f61625f77338c9c0a116013971b8ea51063e4482ada9d695ee2c6dc894d90e
2c72ce06a9344d5810f26712842bfad3ee016061b0aa6dacc69f35cf71a8d9d1,250,145,2025-10-13 14:09:45.112121,3131a7be5aabd578411a23df882a839afd6d81b620eddc53f9da7f0759548513
7c99d8754b085d1169f3d908380c641e0aafa086e8eb31ddb55c39b1e699a860,220,219,2025-10-13 14:09:45.112121,2ce5828da5e841350dfba0802dd3a42f56cd927bb069e59faad137a10c198272
7240f8999ccb4a08842c0de8aad06540c5724358d4d6c1d4427dbc2b5fbeb182,399,180,2025-10-13 14:09:45.112121,65d87fc165fa4decadfb11662712537a647890d918ee4bbeb69abfecd1cb8fc3;f5a2b4f7bae50b5a832bf5f19831722bba677c4818154835de9cd8bb5ec4d7ff
5e38854805d73cf63d22fd12345840d4e8d99af2d792e7b800afd722e7dea2d0,141,140,2025-10-13 14:09:45.112121,a1ab3ec72bee2ae979d4d03ad1c1d77f4dfc743959f34127893823c61266faf6
640078434ab2861c3d69d1de6735a810475d7bb0f8f90f6295a0e4061b98e9f7,345,344,2025-10-13 14:10:50.602486,499450f377f942ec8bfc9116f5103daeec4e1a64b58b1660d344ba8ef2169fee;d4d4282369da5df842a137eaea36d4c2ac193eaef2041fe58fc6442c579d8c5d;bb50ba5368b8eb9e01f043ff2ca542cdecd5a0bf13f5387f9e8ddb602a12de58;9fa1471c9ffdcb497edd31b149e620f5fe1e1c7487d6462295a977177782d864
772701244286759d7be7167226a332a0a5eb1b49a34fbcd81dbb2ad22c6e5978,660,219,2025-10-13 14:10:50.602486,d55d0456056a0bded7dd0c86d91a6fbd10621b9715f4a5d56d09877d08ae51f7;d55d0456056a0bded7dd0c86d91a6fbd10621b9715f4a5d56d09877d08ae51f7
12f29b852433d9dca4654d7468a033b265eb07b7bcafb310bab591a848c8170a,534,177,2025-10-13 14:10:50.602486,0156ef162bab69e25b8610aa0d1675b3d7f8e6acae66c4887913378f1a94bfa6;9cd425e7b9bbbab61e00ec52e3c43d82fa813822e8a955d33e452eee5f8ade39
f9d00e112004288a381389ad84122b5ccd2244356238a854ff4c31b765dc993c,663,220,2025-10-13 14:10:50.602486,772701244286759d7be7167226a332a0a5eb1b49a34fbcd81dbb2ad22c6e5978;772701244286759d7be7167226a332a0a5eb1b49a34fbcd81dbb2ad22c6e5978
e02d70de341df53b192b7a3c07e7b64355affd54cd88752ff2bea22c62d197d5,4730,1125,2025-10-13 14:10:50.602486,f7e04781e999197daadf63cfb47e0dc561ca50011291f97e70290c1ff35ed62b
d55d0456056a0bded7dd0c86d91a6fbd10621b9715f4a5d56d09877d08ae51f7,459,152,2025-10-13 14:10:50.602486,3705665b6ca6ef23699e3ca37104aa24cb93565d5b8aeb46b359e8c812b2a8df
7174a9e958baea2b2b39b9a4eae5be8e73d126571053e2f6b273401b3b30de10,5475,1094,2025-10-13 14:10:50.602486,64023214595a7b5f135b98e05726156d23d3489cdb2ba665976ed56106d54851
703720fc0700c24ff5a244d67193ef81a8a63a489a318339d42a73dc653e26af,282,140,2025-10-13 14:10:50.602486,fd288002a2ca73f577f2fe8b4282018664ec48ca5ffceeb2925f3f8d4f93c4aa
898feee141cafcfa80a6f608f7a1670fd4ffcb00461d781bbc12ce3b5c9f35e0,2126,188,2025-10-13 14:10:50.602486,005914124acbdb9e7c144883f33205b447ae9679259cc9e5b7cf8ecd756ea618
c1c879ad42080c3838f7196afa44bffa5db62c155f886525ed70a5183e461254,426,211,2025-10-13 14:10:50.602486,ebc30d4ec8f5dafb5fffaa90e133b3e3f6c8a0646a313fac26116bfbbbff196d;b6ada981abdeba34a228a227ac164d482510549aacda181424b75e543a2133f9
5949e4b466bacac0e356f41c3efb14138c96f04964298a6c71fbc92b73a113bb,134,132,2025-10-13 14:11:58.077127,65f468c278b612ca2165cb9dcee8e6071190c6398a53bd2b0e16daeb82566297
39ad35551294a7c3c108f1675ebaa76af2c22af96503c42cb7b37a79975f0d56,561,140,2025-10-13 14:11:58.077127,2fc3dc522b849d1d90e0dacfae143eb403aec50d730ac27127aee1572673f363
4f0982248c3562a5bf5c570b9eb9c58cda1abd8610bb2a2c26c71b33a1a78dfb,224,172,2025-10-13 14:11:58.077127,68907b1b429d2630ab3df30fda9c7e5695c4ae6f0b4a64f289e0d37c4fd57805
ac8be1580f5f13eca3a2a02e311c8bf80fcd1b606cc188e30f4d78cc1dcd0b03,322,140,2025-10-13 14:11:58.077127,93d14ea5e540587261dc3f552fb22c381862dded648e43eaadfac9c8ee9d6fa3
8c658d15ec9052c64216182bb07f42e93b7b069c4d97b93f02d3f0d953326e4f,142,140,2025-10-13 14:11:58.077127,bcbd468a4e36fd1f777061ec32f1a8d94dbcad32c34d4759eadc0085d06ad031
efa308efec35d2d1b1addff22b707d1ef7af5aa9097448904aad81a06de9aab6,423,140,2025-10-13 14:11:58.077127,35a89f47dbb322b13bc5b1438c1f1c8b69e700fc3329b6fe9cbee3bfa45393cb
354d6e351fcfce4b8aeeab33ac780b777d9a6f3c21824dafcad4b5b85ab46a40,1377,140,2025-10-13 14:11:58.077127,8246d9f28a7540d18eaf251b17a552857c48f57b17571e9fa30e857e3d7945be
d1347000fcd2dd0e2570a44c362a8335c8f282f613d6ef2d392df67b988b550e,282,140,2025-10-13 14:11:58.077127,74c515f350d75d5137b1e22e34e627ef5e4e1fdfdb80be69ceba92306ce03af9
b564ac7fbc43b3084119aa8be4b3b0fd86b507fdfd22095959ec4b5f752d600d,465,211,2025-10-13 14:11:58.077127,66b8c7ddb2d0c16fca85840bbd4f54cbd76a11a0b4000351e376c2fa5b859114;c391f46e869c12b9be556d177b06d02ae08275598a4aaf95fea4af5703255fe6
6e0cbf66b78fc3d970368cf0edcb3660b1249fd83a5b862ad258f5d97bfffbb6,284,141,2025-10-13 14:11:58.077127,8b233b9e7634afebdb1150eaeafdecd5f8115b93aee44fb18910bb138f51d290
bbbe7493fa155232507466a748bfae4b7a30b42114f613b4a20dc7a50e687a02,509,314,2025-10-13 14:13:03.726274,92946b5f9c1c65bdba2ba92413f679e0d238373f4655ee0706057c56b07a46c9;b5eb2be69ce400044204c504c42f1c8d7783ca695b25b01bff42335fd1c89f36;0e0d0d9835c9cf8e1e04c3615c07c46713182df6e5582bb37bb8bf9611ed09a5
ec79421c1de391811b360a18be97f0121a0244c092026fc5098933bd5087d673,798,371,2025-10-13 14:13:03.726274,1d5704edba2ba757daf79a8f18279093fff9acbf7f627b3aae5b6efebe47d572;3cf16d814113fb74b350b7255d3fd1a8077652a0c45b80be81a598e9f39e5dc9
5c8f1b72d14adedc8116ceb7fd1ae0f6e8499da684ebf372003a825dc1527674,440,140,2025-10-13 14:13:03.726274,199592af11e91f7461f342926750f6e666101cc1b63e3a864b0a9b3a36a7d746
be8e9f655155d40bf84fff90eed0d3959df3f80909d376cb79685de9c49496fe,141,140,2025-10-13 14:13:03.726274,ff7e365d45045392e293b257d1f6676ebb38c43235d932bb35c451c350e6b084
18f4718c728dfd2b3d6cd9f525872486b9b9a7f4815205283982aba907bf8102,282,140,2025-10-13 14:13:03.726274,25b51b6a4347de330633195ad5ab6c329f9fb6892e66acf816818ec216d7e033
ee8b5b486a70138ecbae2785e288f49783667e20ed4b86c82947587a1b351e2d,636,211,2025-10-13 14:13:03.726274,e246016169d94c3985851b0cccb0369731d48477b2681ececa159dc2f2132642;dd27ae7e0f0c244cf6127fa267792711e52669a7be4f1a3cecb8806827c08ebb
7b3f2ee517aa6a89a58ca4be5bcff0b24a3912560d9e456e7e01ab1744a8820d,716,177,2025-10-13 14:13:03.726274,b2b897d6953d88938ca4944ff3b8ae796d687ab1b494efe3e55b6ce7f1aa5209;7c59ace4f6fd15e7f6d6a71c86a5dc4ce9bf9c8cb43a848e39ec0345471c7934
ff0df3c1c6050671aaeed85e1f995074512eb59163e4543c1378200fb07580d5,4690,467,2025-10-13 14:13:03.726274,6a0e5e69872edd7a03967cb72ff0674666847ca54bacdfcc994ba241d2388871;1deaf4de3b2e23519152a2237802b99ac687b9acc310a225e74c1364b9998902;8fcde9df1f6142469c100b1492a363b32ab14aaa24a0dc490628e255a3043ba8;cf9180d45cff11217c2949ff65cd211ce825b449220f73ddb73d1b23ac531a22
40688d808ddc70d536daad0179ee677cab29e8c928cfc7794e64206528f6199c,198,152,2025-10-13 14:13:03.726274,d2a9b1d72985f193aff28b48678618d987808f5a9f6ab442e181f561816a2bb0
b3f38b2284a8c19ed9b54bee4e0959f02ced955223863040b69512ff198070e0,322,141,2025-10-13 14:13:03.726274,23fee623e76640206307b8709f111c909befee50b1ebb02b3f36051890ac6aec
9e84cae587501d6a10867f4f475fed10ea3574565576df8cd43d6aaadd379a54,46,175,2025-10-13 14:14:09.144646,c47abf43dbc6531228501a496bcb424081dd2c1fc8922245b5fc9454d1d9bbfa
d06a8dcba7be4472a70e991810c2225c3cd65de771eb9e338b7701e2403b3036,45,210,2025-10-13 14:14:09.144646,db5bbe6bc5514ecba545b0ca9f2e007dfec7b76d749a7265450388fc2082aeae
29b27cb4320f01a6f5ea6368e33df385cae4c04729ba289c5b21eea460c8bea8,46,175,2025-10-13 14:14:09.144646,f484240f25755f3b610760f08160a11145b7087af04fe264700f8f38e63b4596
3af24c6e97a1e99c46b565c0ea1958acde37416135583d4309dd71d368fdf054,45,210,2025-10-13 14:14:09.144646,2c2cc079405c1b76575515b4b60c6fe559aa7904e2ac1488404b6926bc86b334
cd72dffb19f859ace7003e68f5d32e8a262d7d2d7354c227f77c6aa2eb8e867e,33,139,2025-10-13 14:14:09.144646,2be3412c6b02a51bea5b0e73438603db0fa5b8b30751a3f67785e064952dba9f
5ed621f1ce27a4f5814ad65b980413c796d35d8fdb14a9a485d5efcc0249b8c8,46,175,2025-10-13 14:14:09.144646,14e24efda0930a0f16c0becb9a9d8d25aaacc54c5782dea741f88000fe93c3ff
156a9ebc6708e8617b1e1e52daa64804d36ab7d8fe0ffd83f86ef861616a9508,565,112,2025-10-13 14:14:09.144646,ed197b9f969dafa9f93d7897dfa84ea8670345b5a828e0546df13d35f323ee5b
8fb0d6f21ed4a72123b8f8cd9b8c2c386e68dd03bdef48ca1b87397ce2708948,46,175,2025-10-13 14:14:09.144646,aed917f751f84898cb62cd32aec71ce523cfac0c05117791eafad081cc871002
37a0fe92406422a3834c761649619c634ee56b6ee067045ec115af5bd1476433,33,139,2025-10-13 14:14:09.144646,bd78f4558c77bae1b4a1a63d10c938564479df660c886b607b3f77b496c74991
ee4c07e13d4d67fdfed90f3fa6f5e79291b89885ec33915ebf16dc3127188459,45,210,2025-10-13 14:14:09.144646,79c7873ee7b919ea8c382fdca8ca8ca38570affc4859e39fef759f9d724f586a
e2f622570d56991e0f899cc7296d6f666cd116a81019693e0088954889c4b210,80,283,2025-10-13 14:15:14.662475,5049cc9d7a9bed0e91a7cf74387c68cee9d820514266671f081d8e59d0690148
a0e0b0a2d735009f669d08b32d4a0294933bc5f9c5b6b646d9a5b48a1250d8d9,229,223,2025-10-13 14:15:14.662475,17a139078428f20dcc4f320863b8bfc3483bcd874c9b67b1ab0219e87ee25300
1a3b8844ac0e0583ec248ad741da56f2719dbcfedc49e4af51b36864019bc17c,47,210,2025-10-13 14:15:14.662475,9b5018e09dcbcdf04a47e2863ec98776113d71a2e0933c8f3aab3e1991f52d82
c812b0d14a1873c3c293d613d894ec899ad86f5e4fcab443465acab3bee93e9e,47,210,2025-10-13 14:15:14.662475,555d7e5cf97383773774ef3432da5a2ef7e3767fa165d0734a3778b732e042f4
cb3a960875349f7e96fc799218cd3d7ce445405347039dfd931086fad3020b43,257,112,2025-10-13 14:15:14.662475,61e2de93708d6c9587bb05328a7609808cb10e16faeac3591d2432ecac4f949b
7366b6e9cfe5e77508638ccecdac411622e36f99eb738e56e2db0ef7866fd6bf,47,210,2025-10-13 14:15:14.662475,c6e321686fb65e265cfb360c36daccb59a0edd8c6487996f0933b50e4d0af9e0
983114056afb796216ce4a1e52955965e49c555651686e6bf4521094260327ac,47,210,2025-10-13 14:15:14.662475,dc8a97ea1153e047261b7ffd7e671c143ea86c7451c72890c5a3ad5c1714f75e
bbbb4b5b666bb4aea7ec082ac62f233f5ac2e04268687453c641a7314fa84217,47,210,2025-10-13 14:15:14.662475,2e8b67d6864c20f64504c6d736b679fe756d7e739390117e3b36a2db45573f31
9662eb74e5ce1d86e642fd34af49e2f259e76cf1def5318ea8480e7f70bc6f02,1325,264,2025-10-13 14:15:14.662475,ee6c53f7cfaf7a4b38dd8633fbd13e46dfd5541ae485e18d3bf769c6406c09bb
bc3a5b5f683615e9b2090776235a9553086eca1e7f84ab62ecd9a2f86fc05d07,46,175,2025-10-13 14:15:14.662475,7d04ed2e7ff33126edd20246c7c28d34bc50a44c3c75aa0f0cec2e54a8f83356
adcbda31da5f16ca1e765cb6c238a7d4a734732b65c1740982ae30ce5e469278,19800,371,2025-10-13 14:16:20.312885,66eb44ce0cf98f2585d6884799785bde509c9fea343ef8767275b1b901b0c18c;94b4cc9292e467157722f62f68d414d74b19a6a31ca8481f905e2d61d9f2fa58
ed4f4c84ddc4f0a0f1ed68731e6cd71630a8e669d9010901d12a6533114e377c,729,143,2025-10-13 14:16:20.312885,aa560a4798c738f97cdcfc5355d2ad0b5c5d60ae2911bd6971a4a821ce3b073a
ff89a5f77da34cb533eb582cb0da7539474a6b8273d9164d2677dc368991ff14,628,313,2025-10-13 14:16:20.312885,0d5027ce464b42a104cf8ae68acaa90b69dd9cf9757c4ef9492d21f0a0ebc2f4;e4fd41635b23c2557d4a3cb1df4343e4b46a6001f523b7a480f3790b0817d3de;da9ed45875ff46162a6e92940b9d544ec91c737c6589d14dea321527fe1b4294;226997e40a8c38e5dd8475c1819007e156c08cb886efd0305e3fc0132033f72c
f8e6887873eaee81a11eb5f7a4c19b69b5eee882d0d4668038121cc274a4b3f9,33,139,2025-10-13 14:16:20.312885,e75f412e16edf6c51f4e581390942b59a666a4d3d0069a27cca4ae6e91d024c9
4dc0e051d35ba05b3c341599979510fcebb117f8bf313cde64815b9b92c71269,220,109,2025-10-13 14:16:20.312885,fb346a2096a3cf801b042faedae6b48f3a8cc07b06468514a173ad1904007a32
b4a58601bfb17e8fe020bfa7809ee6558c2a9fab44bcdb8c13ef07f521de3a85,385,381,2025-10-13 14:16:20.312885,92444c03eade7102da16ac2b9c1c0040c0e2a758617a9dff18dc4fae7a7127e7;63c025af3044e4554dab338970758f4235c5d2ad34ae93dd09bf3b5fe770a7fa;a4f11771163f67a548eb15ce01404e5aeea3e53d012bd7f76d03310d681dcafc;b5add83d2248efec4a77d394ad79473430b2f534c6721fa172472d40fb955187;9e11c060fc026559a058c6d2d729f8dc70cf7cb3705b6e4c64cd698f0a0f0e10
a420b9e1faf0b9a2c801e57a7981ad0e66ceede5ab170b10b774cb74a1ed5bb9,33,139,2025-10-13 14:16:20.312885,933474d36b4a29d5980f573e399be4337518d8ecad377d8ec687fbea7863b070
02a6eeea7856e9eaab3d4f73071188510febbdfb368432e99da9027225519203,419,140,2025-10-13 14:16:20.312885,2f2a47396d6001ceb033d414289f0a00099a4bfa15f13e99490d0b87381b889b
55e809e0a388cd0ec161f2aec2b59636031f0746cea8289596046968b800128c,142,141,2025-10-13 14:16:20.312885,18069b83fb1c18f59504e79ac1c9b51845402beac61733dae611cf48f01ee59b
161429521e79b0297c747e54b54c38c0219dbb14dc2cc06ede324c4a4eac8bd9,253,110,2025-10-13 14:16:20.312885,9f5d08b579b33f72bcaefce110ea5bff2db018ac3b62137cae62500e76234cdc
f9933d661325d9c658b1231b1b9af871d3302cd5c03614d020981ce9e56fd66c,322,141,2025-10-13 14:17:25.833229,f23d4f7bccd1b78ea45e79eb9519290390b3d5f1e902b7266bcca91a47c18e4d
21c74d3f03574e5cb2267586f6db6ba3593d80f73362aca88f6fcb7607408388,394,381,2025-10-13 14:17:25.833229,fc9699f484654a373db16d7f87b04023096cc12c3200f9bb9507d6ecad6e3d97;b25b286a218c88001aff9ca7fe7ecd037c9a07621f7ec38bb71ed9af8b5471ea;3af8a692f1a5398e0840cc897947b0c45ff2dd9416431a018eb88d2418db0b7e;8a2affac2e2b86a6aa4fd061cd36275cd0cf17b6978b6e380be33d04d276cc9f;d9cafaf86319291913acb8336ed2894191f0d8057ea7a823b7aa51cc570d361e
bb587c737c2adf8089c0cfcd1a3a4a12703e55f1ca617c0ccbc89f8af3afeaa2,322,140,2025-10-13 14:17:25.833229,582e60dac33d738fbf83a138945a1a5068639f0ca6446f0efd124dfdeed66510
9649b35922f46ce86677e6e6c20ce2f4faed8c8166f8ed917cc24b06b6148784,282,140,2025-10-13 14:17:25.833229,9a961691c4a448a1729351f73abb06eb922a379851796bce55ea4acb81202400
8bf9e66abe913047e99663e107965cedc9eaf0c6bb2e4d12fa497d4cda9ab948,488,223,2025-10-13 14:17:25.833229,e81509c94bb8e23a05c50be80c2b5dc8992d4e1341fb62945157fa453584163c
ed201b6a893d2455b91d3dd9681df22805c7e96d5ca5cb9429ff8458d272bacf,627,205,2025-10-13 14:17:25.833229,26f85805edcc6946bc3872f8f4b06c6a128e839a20c904441d4666e98da70250
3c4c4240698724133d17e1ee2d76d2a328f2acbc071e7b30b991a29c924906bb,234,233,2025-10-13 14:17:25.833229,a86c825660c7b189457b8bb28ad8b3bc7f716c2aad4ea4fa120270331d0bdc65;72b433fe3ea7949665e9d914187323c1d0c4475c5c731dfb5867f7aea3c0398c
5a64722147b47862b63abc797a8c914c272fd01015f8bf51856bfa389bc61155,2330,168,2025-10-13 14:17:25.833229,b0b5d56a914907021cf8552b3c14460667c029ccb10a36fd31757868ceeefb04
eed2a7e216326bb18e8b35d39112d2d641cb77fdb71904ba8e697c6abe18c391,257,109,2025-10-13 14:17:25.833229,53f7966f6b378ab7b90cd300a7d97d0dece30f5292fa13cafa5f3eb1f36247be
ebd48fe3d6469dcbdc31868f6be1eae530215b14b1899b84d56366857863a087,1044,520,2025-10-13 14:17:25.833229,43cd4d21851290d0db863d7851e8ee1a573262c5b3fb8adbbef30d8cbd47f62e;f0f4a76716593807c0863ebd779887bb3a97c40996c15dd2ef045ca383b0defa;eaf25a7718d37b0b116def3d44568976304282a94d1cd3b7e1215ee1709779d0
c25be8d03c652197aa806458c75ea3bbb56df920d47d99fdb1dec4a8c4c4db52,163,140,2025-10-13 14:18:31.356627,40a4a1d762bd3b67d5f9bf1c3342f2003f4085fb3e0c22c815157e7e815be435
99322d2bf8071f2ca3fa6cc5b630d89a03692ed3aec896406c36c81a93c9aa48,3462,1111,2025-10-13 14:18:31.356627,63312673e3b290bf07f78d197205f1e08594ac715fe7b01faa5e83dc07a51618;8896c9fba6cd6aeabfbc7d7b66f5ce2440383db2ff835d8e3bfb7939d06d04db;4c8e1b219d143f63eb9850ae360d0fb351476ab9adcc0c1245cb00c0fbb78a8c;3cfd9b968329a69ecb1f98dcf91cac77b9d659b2fd79af0c4fd6131e4c8984fc;0ca7bca47a91e1bd2048a55458f64a930613c9c7e93af11e3a97b5c99d4e6490;54f0386c1568cdd1f8ad32a8407c22e523693bb8fcc508520eaaf647251e4e24;35cc6f81403e97d7becb286f31e0e110a96abca6e5b6f9c5ed451f260068b460
1a35d988bbc58839a86e2f7ce5f64c5110621b5a4154cf88e2b0b299c4b71695,386,380,2025-10-13 14:18:31.356627,80dcc4f621dfb001652b7497e203b7ba1bd88379c0d796e4e86c2b28b77729f9;8f0946ef7475f7db031a5a898df26d4842ae487eca951c770bc94b41d6f716e4;84a2e6bbbfe7e268804ec47efd6107cc9c91d97138ed4a89af50df5122c3c206;6c46d44dfafde47153fbdf53c0be4b284438867d607bfe3f92b0a22b4cc8e108;4b0e37ae957542de477cc94e42580fa1a319e2f6dfe98b5a70ceb6b3e8363dae
80eb0bfdb41cf310dd69a1cd49cdfe996df99c045f862e7751c976275ff89883,322,140,2025-10-13 14:18:31.356627,26ecc0a8d79de1352b70f37acc53d3ca167027bf144125502be9d6818a4ea370
23f9ec30ee04c616aa7f507bc637274065369208caa896dcd4391b29e93384d0,1769,1665,2025-10-13 14:18:31.356627,79e8c55802d7709935ea1e32e84270277a339ac548dde5dadec3eeef567b2ba6;4fea50a4004dac9908bb4a2f52b49cdf083a2d933bd5d0c5e429baa529371586;7ff7c11cae2cb06addab8a19ea45b45e3fe4267a140c698c4e53df511025925b;79fac2dda6bd42ad354364abf81e273413c8950f78cd4223b741296e282a0980;ae0427ab524f6c01579bf499187f6e86c2c2fce0c0fe8432011753eb2481715b;92bfcd8837c7c6f423997c7f781cdc43c3c8d91f6ac7526e37b3cede1c5fe47f;526f4a1f54334b4785d3b82d814507a223ec204b769638676f90c5fa718901d5;2ecbf3f64c66f5142ab7436e2e99f0f1482d826673f269c5104c755056718deb;c031022b145e52f7ed10cf1185d836bf58402851d389b6a1fa01d14a561be9d5;0815e99af0d268f0fd8a0f2ba6e87fe1993147b89751a9c6ef11c7e6a3b1fd11;d7396f8f489b1a171d0f575642c1850bfc30153ce5b3cd35da4f09c8aeda03bc
05b57f1143f03b6bfde7b79057fb70d21f20709dbbff3129c9f3e94ce96c5667,282,140,2025-10-13 14:18:31.356627,4d8f854647e627a099ef66655ad3b0bd93528686cfe1806f46071fbd88852471
a4d29527fc961e441102d20945fafa267e44b32a03700c7287387034546cc8e6,220,109,2025-10-13 14:18:31.356627,4cf10a755c50ae848c4147a00e3a63013a946146468fcc2ebf1815c0f9d602cb
5c3a585c3e5d815f2b1ae500b2b2f17f45ae20a9939c056ee2032aaaf4d3d855,5640,140,2025-10-13 14:18:31.356627,c1a4107c70c70ae36ffbd5146c730758c5808479bdcc11365cadd7360c4a29ff
0545c96dc30e6531dc09ccf3c731539ee62eebd34fefcae245dc1f97097ef728,920,425,2025-10-13 14:18:31.356627,1ae1997e7cd16f947026f8481895b2a9114dd4a9ec8e3f0e7b1c3e042989f56e;a49254a1f9633e2a413a5bac6d2f7f5e200a69032dfa788093b436c7cba0dee3;c68b0dd4d8e71e87078aa4cca0152fd034dcb3eb1206a9cd945b56b66d3908c3;28ef3e1619d2a46cf8ed66ede44e5d778b118e44029590596fe68d0c9e593adc
b748290f9d367600f3f348ff0ce692e286c1618e4300457b5376ede965622e06,146,141,2025-10-13 14:18:31.356627,fa5a75d4a632b28697a48d300bdff824218f306e72d6474a067422c92e7cbe1b
99def07b754163dcce0378b40ab8b1c168e8604d8cdb1666df61bf4c5e61c77c,4460,222,2025-10-13 14:19:36.822226,5cd47fb0a5c254a0291f0b7c338f75562587b18746a147e1d758f66e4a4f5e45
99b7fc91495561fe6be9b8c4d4a3fc5f1434d84c844618a03a2bb13600889ba5,780,260,2025-10-13 14:19:36.822226,a28bdbf059e313cea6f3db8b88d8861be6b180c0c5c3fcd703aea49661caed94;d5223fc7c92da8887d4dd4c66144d06b929b025af0cb2866ebea2b0450d7d45b;423b1de562a293a74ef78afaf8f504f4469d2ff222830e99b9639f6f900a5ff2
24859510e051bceef940f8c35569c44ee2359568b71098871d8dac6ad85ab4af,343,109,2025-10-13 14:19:36.822226,d4518b24334c41e4c42e1e702a4189f1d5c2d9a06c22b4aa25804df69e47503a
0cc7caaeb7dc73adb932541ce51345e3e5ee86cbff11b01404a101aef8110e16,153,152,2025-10-13 14:19:36.822226,152198aac9c234e35319939fa7807b6a6f6a6d1325a6f3ace3ebb17272d58fb1
44dafae81bb69abf74342fd67d4fe32e9bee0e33c872e90402227abcbf043f5f,141,140,2025-10-13 14:19:36.822226,640097852015db284ed7468357f5069cb6c04c92c9322367c4962399df4e09e7
57ccc21497c1795cf11f0c4ec5553774a45624127e8e9a3974ff5516dbb7cf0d,466,310,2025-10-13 14:19:36.822226,f1b55131dd4ca56f700554dc7bfe2b37a82a6275bc8136b764730ab89f544409;ae3048fb02497b8ad5a1cbfd674cdf2617afeaf0f8f55be7a6488f152b30acb2;0d7914c7d3cb3092da28b754dbc7614bc0433f610bface93959279d400f35c80
71e261fb162c387534340f4138c4cdcb10baff508f0f4d223f5e6fce6b4de316,153,152,2025-10-13 14:19:36.822226,f3807f2ceab75b5cb51227823e22a968c80317fc2b539fecf10e1981a145a83f
bcc1b296e8d4bd27abd87af04bef42cc72b07e33fb895c574689f1d652315c83,234,233,2025-10-13 14:19:36.822226,6b647b8d0267f5ed722d7ece0f5fa39d4e3f8bf935b6e0c9a50e9aac26fb328c;036595d53d4d78fef57da9c303df32fe87516730baff2cba67a50854bd5c6a7e
86a666b7ee612daf0c3d2e09c132764e1505083452192304f07f53644505aa18,440,109,2025-10-13 14:19:36.822226,008c65a0f07a798987d7effbf5f468c26a9d808421b8c15a5efe2d765f2db30a
07b52956a843f0f52216fd549772d0b972c2ccfa4259a0ed435ab0765b8e22fc,222,110,2025-10-13 14:19:36.822226,da8d9ff9fa9fc78af505af63e65b15df544f2b9e6ea0b54245862c274dfa6da3
8d037670288f8c3a1a282d2b76410015e8c459b66505f41b6230847e708527bb,213,141,2025-10-13 14:20:43.167018,c0f0a1bee9d5e9600f129d34760e9d2fc7f094da396a4e7a0d2aed59b16517fe
5eb948838bcbebc3404457f6a4d574437ee8f837ab797262601b30318a0c2497,382,189,2025-10-13 14:20:43.167018,8d8cecd65d3dc328d234ad1b456d2ccc23d1439bb27ec6cb8bf43427d668f718
78d3366b20155f7377e208a03672b084d12cce08d2dd8052779b366d1ef6e760,368,183,2025-10-13 14:20:43.167018,ad6fe6aab5b086f82fbd93b5622286d0b78cd602b6007cd53acd84fe6ca6395f
6dfda0bf599fcc4fc7b6da180d70c72fcbbb67bcd3d7c6e7a082b8d4c4ea9832,634,316,2025-10-13 14:20:43.167018,d547b8ab58ffa2f0fc328278cfe556f3eec654a93c03e00e4347ef6014c1b77f
734381f8c41fdc78de230cf3a6510200a85fc0fbfc3ced7450af98cfa2ec5b31,2060,1022,2025-10-13 14:20:43.167018,10663c67afbc75539fcd5795005240cd9a946d11b38185dc9a6be3021233fa42;12407ff6d6fc65013260b0f145e1792b75f36f9fb7a2f6235f6a7d1d19da34d7;4b29569462f7328378b1e754da01ef6100a690920c5e83a7b1286e52ac1bdcbd;81b5080e26c47ad34bbf7320d320cd0109c66d175787a26a46a62286fc9fd055;aba210a096ad25e0865622d637cde2ab604486efa7f63477b5109e001667219b;ae17eddf154d1147270934cb445e6437facfbada9ffc7129f0a0d3ee19f90737;b2a2d63d4b180e40a04245d362bd4739b4b1b232901d9c0de2edc72823cd6e1a;c237467d86b5da6ae20dd6fb9b56d97578c271db4bbe5ee6c98c9ed3ee67d34f;c83c06e3bcfdd4a650c0e1c8df551bd2e2bc03aba411442d73cdf1a665cf1e72
30d656b671b6570cce45a55d88b87a7bc8a293cfc19c7c18ff651e2555b8b227,257,109,2025-10-13 14:20:43.167018,660a33664d09b8e037d606be092ee730b6f5eb049644e636f66aacfd9aabcd9f
ea00c830d381eb80e7088525eb7fb8c6d07f980fa21606ec026059f4b2a416aa,141,140,2025-10-13 14:20:43.167018,81f4e605f739835fabf35de86837d944241fe02e4812fc7dd5f5423cdd537cd7
64d4e58dcb32f05de4de4b198fa550ac0fa21e16c995bb8cc0af5fff9e47689b,324,323,2025-10-13 14:20:43.167018,fa9e6403b09f279e0f01c91542fb4fdab251a601c427c0d10218d721b5577c55
116c0dc93d938dc3406a9df55352e8809f59c7a3283a317f1da351c4cc9f533f,384,255,2025-10-13 14:20:43.167018,72a61977a55474d6a2d2707d7a2282eff20ea0b9c477b9d39e0dbc76e3739c6f;5cb35c82fe7e6c10a78a3503714d4c3578fa6710ec4ce009573f59f7282f3578
2fb260149a105a5360be3782f485c431e4ecc146a2a03585212ec75e18bbc53b,376,191,2025-10-13 14:20:43.167018,1b35a5dfe405cb82f6232d82cb364af622c1492572211716f34e340919b7af5d
59ba2ef82c873d5848ecf7e62a5da4b03b214675fa025be15ea64e4adf7745e2,452,140,2025-10-13 14:21:49.777694,1598bf3f875595257fb0f60944467c7ca9acb91cf8bb2d5c27c8110464f2c85b
90913353e5267d4dface58d0fcc330d7b57957a45d9f10373f1f65843856252b,770,109,2025-10-13 14:21:49.777694,f89b4db84bb0b78fbf20c1c3bfa8d84300e1cc9803bc12a32cef5f130d7a76dc
8379afa01b562f76173da8f34ed5bd97aeedfe772639016509717182513e9a33,152,140,2025-10-13 14:21:49.777694,0641ed4459ba247a33a35db9e95c802279f662449890561730b69eba288a3cf9
8d8845ef8ee62d2905ee97d9c7aeab5323c32f6a0f226cf91bafc1a60c7eeae7,144,143,2025-10-13 14:21:49.777694,ec4a095b13d708999b956d64cf0e6995643b22d50cd8d37a53b2ceeea1b6fa80
7a5e4ba7d333e89f4b14f2109ad1c273cd21550888940c63a6f7ac39aa2285a5,511,112,2025-10-13 14:21:49.777694,d8be43d8dff34761c2ce75c8c44cdaa3d26cd5fd7c7bafd18a6af9b481725db0
656ca57751ac5addd9f55c33b00b0971ccdbc10a008c6be4f42d9f9caff0f294,288,143,2025-10-13 14:21:49.777694,c27cfab686f0d6923c6b9518b7d6abd6c8e120c666458a9aaf24e294a36e7b59
64b8f28a936acd7fbf963946f47dfc9a1ebb98f75d1dbc36f74854259e46dbb2,281,140,2025-10-13 14:21:49.777694,3eb7718fafcec2e52db0c0d37c6154506330ca96ba168e2914448acf9ff02cf7
78cbafd269e0fff9c3e2630bdb7ba674feb426abff3034965fafc1ec22cb0c7d,910,754,2025-10-13 14:21:49.777694,01804f41cca32a4ced6b2b8f3f19f6bf88eec4bff2bd3e79b84d27404c264723;127b82bcde458bebd4511e538abfb6fc82d0f53e3f937af7e35c9b3bf760eb4d;a91e172f88a37b2e2a2068a7630b8cdd25d3bf8d974bf13bcbf08027618ab599;a05b40b823699886430894c1c0dd8c210bace7846cca25d88960d64558a97b7f;b0382c0819dcacf30b9ba8e3d5d14f6dd37fab2609ffbf4112e90396c0e693a3;62195aebe08fe0dcb1cfa89da87b02c5539fc409052d94deffd76a927a8dd13e;148a603c4c369bd110ca9ca8654462bfd5ecd98be49b286174b83dc6e003af6f;216786967fc15085aa861f1c3faa54c1a666cdfca18e370b14b20a3f08686265;b3598443bd4028228dda13d666f42b38388c4f5c75539e0438bc8723d8985c4b;eff145ad8c3f28f6debd2b479354b08cc87202402e9b017ac4be59ff370a8c03
863115df6e47a7196af6ef5709d7a4a658a430e34ce80b877f9247f328d06cd5,220,219,2025-10-13 14:21:49.777694,d37c7df37bfbc4741781223609848810d57f6d71c62cea0639a1e3b68cf47f63
068f7d94dc4740413eac216009e855b9b99f2e06d49eaccbf632aac96184beea,260,260,2025-10-13 14:21:49.777694,863115df6e47a7196af6ef5709d7a4a658a430e34ce80b877f9247f328d06cd5
9272447104a0307189062f54e30be03e967a39ef080a801e11ee114eaa20e8e0,144,143,2025-10-13 14:22:55.273469,0624ac883735ffb7db1109a17bf035446318ef04ed9cc7085d8777cf68a393ea
c06cbe05ffa86421ceb9219efe70a25bd92856614ebaa44999220141060a7129,111,111,2025-10-13 14:22:55.273469,df32f73909bf3fd981fd567413e05a55ae316c48e0541f0ca915680433317b4f
82004c897b0bff5a2ada8f30181ee35d2f5959992f0bdc17f40a322877af13c5,322,140,2025-10-13 14:22:55.273469,cc268ecfde73a484f2a53af80349760cb8342bf1d9b26e66cbec187401204f30
9ad60d9496393b00d9a3f7b53c1cd72e3b082048c66ccbb1d0dd3adff84c12e7,144,143,2025-10-13 14:22:55.273469,6f18c9ca5c184d241e69cca6d60036820b21046bbf793282261c322aea77d568
797c6ed79842f4a6978f76824bda47e29687398288f34ed650aef984c3e045ff,423,140,2025-10-13 14:22:55.273469,d70efb3f76069a51d6c2b55d4d3f292e95b52f8a32d6a182b48432404fa96068
2e234fddef1d55ee9fa8c3e349047ea20ae762b6e7a25b6dbd490cdedda99308,400,257,2025-10-13 14:22:55.273469,5435ff810a031fa3bc143300a6103affa9c57f392d47c0ddcf7f591dee554564
73b03cb0d23f97f1e680bf6f90123d53bb8b7bd331946d0a7325100ec89270c8,9224,9184,2025-10-13 14:22:55.273469,2d9317b0d3bf49876bd989ca0fcf9629a99daa327bb03be28a062555f6441fab;1408229c871968ca166d73b37280672322d2f07217a326689e5f7a0819f10d71;69d50d73f7e88aa1cf300085aeea73a87d20eff2a2d4507b244e62664590f8cb;e668c617f898a4dc04e6fe710425e806a3c5f8d128341894226dc198b570f121;fcee02de60ea3f98cd79d7166cf4c7439256f20a92902c23d74d9eb93cdd2d99;28eb29e6d3e2d46f77d6b15d4db397c3b57344af2a6ed2747143af3437f091d5;82e15f25a7416f33d04324cebd2acfa9a8b49efa3a7ff3ac1a2bed045af95814;f3f02cdff84dacbf3ef6e7a7da99854d9ce393868ac5dab80246a3e69f735821;4a01b5a1fe8b87962d4802162c2ccaf9a8fbba0695f9f7e05bab9614767b3d63;13426e9bfe019e215b30c1ab35b0100f000969d9f9c27c42090001bc12e6b689;5697be058accec82854720fe000bd3b265c23b6b1cdd1c90cfeb47f11c628ab6;7027ef0b2a9866865e448d3ad809d3d9094b7ef903504d2303f84c5d4c1065c5;3a3ee8ecf015f50da3ed740fa5a7a7d446613f758b00171efc06d100fe7fae11;362ec8397c6a9bf36e7dd784cbce316e15c60cbab326b9864fa58b3514e29b7e;45dd82c20f0c91b4150b191e51467ab5bd7a52c87f44120d8d18b35b37967e99;a393a07d9e0c4c02e999818db0819a2fdaf1a0a0c6476f706e691abddc6ab766;51f7c2763938d7785705d8e815319e115f11736c4b1bfa719fb620889df696e7;1d6f8daa073b5f362f6345134c25e46c3caacd60169b1dfe9fc80bc1767697a6;cb265589e9106d8eab4ec0fe265fd27489ca758d2429d38b8814adfb86951f0f;abd00a5e3b0b487350a42cb67cfee2cf21d35d689fa48637af4342d38a377b6a;76ef68c22efcdd9b88d2f64ab09e27b5652ed1e4445bbef1d223a26609ab55b3;d1337282b56e6da5ecb5aa02e9fd51fd6cef9f9e27c5ee39508897fae9f30503;23f5223ab5a8511dafaebb778ada3df7ac8f06bc2321e55682055f729d6c0612;9c55322190973498badf16086bfe5338e9f4ec3433d7a2cb35846f2e57cc4edb;5fd0cf09eaaa897e74215964701680f20ded0b22e0bfb32971a84e080e3599fa;625aeb20aa9f163f12d5862f15e2e39b703e1cbf060296d00bbbde408a746230;b3205b81bcb8bef3d024543516919997b17a8734edb3a943236b2fb01c507322;2e3b92aface91c272488014cb285fe1596a848c052ab6fec1b8df87667acc459;5d5eb2877fd2655186b57518d847f846fdaa070445098b9b4cd1dbb6f83983eb;dc7a6e99baf2106411c6182586a4eed101f3298a9130ec92af4827e9dbffbe0e;a40fff73eee6270b24ff567f2c3ee70fccd058668822fc7361bf95be90d71a40;c5f305a00b6af01ee2661fc0d84719232ef831ed2bbc59f7e8f0ee368c20984d;50f83d862c3b760e306b794f732e0b05a52cfedd29bfed9aa4aaf82bae1a49cf;0e75ab4193ee911bc87507f709c8d3156969c24832aa902f5722c239aa47749d;32d53069098e8f377d753e1e0ffb89fa21ef36743ffa658c24d7df6b472b16ee;c238bfd38254b7cb72708b8022c4117b8119c86b5a4911f62458ba6a6255247f;8140a7d72481666578b3f2c2c6da8f5ed70998c39816ae7d8f6374fc6ef2957d;5fd0cf09eaaa897e74215964701680f20ded0b22e0bfb32971a84e080e3599fa;dfc0dbb7c73fae52e37cca0c424cc0bcfb1f150a52e9cd8142fe26d597c9e745;d0aabc8b34458714d6918c9f88d42d0f7a63d4074299a049d0d32affdfd4bb49;72291640452d1e61eff97f6eaceb4e177cda3a729aaa2dc1d79c88e87fbebad2;c07971b138e8db6f8bead9eee38651bab03ecd0dfc872001d26914a565d2f982;a77c8dc55c5dc509ed05c39c670bcddc43a81d43ab92080928a25a0bcff21c8f;b5f1b64b6b066d7c0f9c3fd985fa25a5aa887b153fcdbe290da9bc08cf68c7cd;cf0e76956de0c1b106b70f0b702fd962e94e09a73dc5f3040df482a5403d7df3;3b185eb58f309cbd9d54ec6154072280c756841102b062c0aa29e863d41461cb;7e1b476a8fc6ca5af2052e63e402cc1686c6a61c2eb3f83bfa9821190ce65fe5;fa64e55a489ed394afc804bd9219801bf8a979e7fe15fbc001565960c2cb201c;c2df2ded9807f2c25170b411213267b923e6caaef12c7b529f82dbc53d09a170;48e6da10f5a57342bc4bdd367a8ef0a26992b0970756d16a942579f340eee6c5;22aad9cb2c5c48273f9cec43ed6344cf2a10cb65b55f33b28c9ebc55b0f94862;d838f46a2df8fd63d87135388e7b7245f8626f325e52e57e75e18fe946c14c6b;210f0f61c48fd146da164ec1437a09a3caf67f63eed6b8801db8474d1bdc5fdb;8ca67893373c8dee30f7790a0b26f6b32a1ab860995f707d7a74014909d8e402;6440d01e498f9f9e50dcf8763444cd9488a25080677a9a9906e159cc0b36c030;5820f94926c0e5eedb53ccde11785ce221ab0cb02bf0c33ebaec77002e4de6ac;9e9312c6c250e019b357b7f87df12443283f6af08e35d85a13e3365341774f4e;1edf902d053bdec406a556130a57f35d21c9b1f736b7d70fbcef7630604167f8;3a06df67c974d16566a0e17435d3c0b3b5f67551884649b54e27285c1cfdb286;29cca7228e4376fedbc9ef1cef2084b0b303dca18db801de4c73df996c26f9dd;1f237df9a036ddcb02487b8050780328a6d680d16548f2001127c7d0a9006e76;1bf91ed9855afb7cc19fae0ec23db953f5ebb6fab1a04e730a46f0e7dd32ace3;0dbfdf435c3715622166f95c7d9465c8b356f7ce0cf5b6aba6373b5612546a5d;83879e775427824bb335c4991ad185b1139c300018a3aaee3d366900d77652c6;feda68b118660d87f7e5fb9cb96bbc3487b805deb04c06a43aacae2434c62eaf;249021e86b921c928baab9c104a03b882f84e9c73e69d398801d1fe44fd56374;15ce65b27b83b5ca930683ec0bc9fe7d39523d44211ae2e61ec3c80298ce671d;433a53d42001963d5e34243143ca55ed941cdbf696441fea843ff9db236a4dba;0ec5bc94226cde55482b83b59747eedd8afa124900232189b3bd31f82505962a;ae942387508c261c8b9e27808a2d5d621da4ad29674b1f036888b00bf7fcce5a;c329b298494377825dd4163560f1a631d20d449ea58ee44a892e42ce01c0f5a8;f3044f331577c646913e06d5e29605d6f395ffaf4ed13886ab09d525ea949963;5559c2c7816812fd74e839c7fb2788abd50c51bc8da7f794735e561a3c47ad0f;8b57fcc5704c40153ff4b393661cb08970b7430ff819a8709c27fe5dd4044cc5;0130770fdf347fa431031fd05b97049a98ec672ad0275485e3b46929c30a4add;28549001d291bb5c21856701e3641a5e8d17e87a3aa1e61ab4eb8b135389dd54;d6f74759e9eabd04cd987ea01e8690ff04cb35694683646072d3bb2dd601e71a;23da221c2a12f8ef472f42cab5a5bdb4ebc2db1aba8c18c48ed8a245a1fa458d;a56e6ba0d8897f789df28dd3148c2a05293eb4f44785d94dd1778bb16eba8f13;9c85e1ac419b001dd53d69d15731eb71144b7429d0e21ec46ec085aafcba652a;c9bff0c3f03dfd7d430dba9594fa35ff2a8b2c502759de1f97bc57b776ea1bc9;0477f6ecf5d0a3d4200a6bb70a2214a755d70b8713ba107fef1fc8b3b3da85e0;5fcf406b623811ddf56490242a5189821637617c76ff30b4b6fd6b29f7faeba8;c8e674e2024606e55b9e4beec6b6af81b1b0096c98e8b4c3e7798ab047dbb14a;ab6a540ed4f6e587c414683c6f69b3a07416c4ff8ff323d8e9fc0ae501f15bc2;24cfb34e3358667ea591d7bd35bbf390e71b609af27a582af99b122ed9832e87;90ba8ee0266fbc579b6f45b1847ddd2a667f96a1bd590a0f6bb8dbc6b31a2ff4;04e6dd73a1f67ab5bf8bf89dea1bfc0c79efe57ea08a59f9da06b5c21a01da0c;cc5684c267f527ec56bb1925c545c70f90910e16be093de3a12e37d5dacc027f;cc5684c267f527ec56bb1925c545c70f90910e16be093de3a12e37d5dacc027f;b2b8063769a808df95255d0657fce8b9c4e153ccc9526e4a8c61b5f295a3e857;922aacdbde13940014df938c7689de61924a62e64469516dd4265924482be672;a03d5ee754b86b9629848b2aed6973a2d182b6aa304c16a0fd2c68f00501fd98;691e0bb1e8f5aa640b24dd551f6a65dcacfd62a43dc713f6cad4323f220afb94;f13574b175cc927767a310a7a38b59392e6e28a6b3d48c400e7f715c0366edec;4d7955f0e863bcf4fb34157e58bd77f4a60e691ebdb9f810864c83b20f177fff;508f3cefbc7a0c1f188c13a56da1f8937fca5570451ee952d9c971b2b380b32a;73fd5eaa198d24aa1add427e5ac105445cbe140a7718abad732be45beb915dd6;13415bb755dc0315b33c21c076f5d89a5619d8dade03b9d09bcaeebf8870d63b;906e9aa1601fc23654612ad41261cb268dda5cdff9ca1eeed9d3b4772f796f0f;3f7e1384f55dbd8cb17f07ddf799ef33fc9f9f840dc9d3ed6d76ab8e33a57883;6a01062e499b5eea86e23dd52b3d37246ceaceceda57c7fc22ef1591b984cef9;7e1b476a8fc6ca5af2052e63e402cc1686c6a61c2eb3f83bfa9821190ce65fe5;13968b9c9d97994bbda81f845b8544a3f9fdfdfb5a4bf5e743dd27f4ea20a284;988df1eacc46411b20f34b53b8ba26bd6698c872c7745e6c9caa3135c4ebc09a;d17909d0a9623a98428a4cf483951e748b1f554839895cca5d51167f0e5c2dcc;bae0a3de6eed96a5949d45c515b9732bec83103118aad8cbdc6bec0335310946;d79003560cb76569516b18bf4d82e09e3bcda7da18f91ce039f7935a4ee3a8a8;d90f3e6e3745edd9f326c20116b38c0a9783612af746a44bcec42e91235b8539;d9440d19c8b993843518bce874d1a3aaf3346459120dcf511e5cf3f231a7517f;c250e6561b660b95b66b4376538b12510d8ae314bd05bb43d72901eb48234c6c;7def2e705ad30ec67d01e0b477b91bd449fd2b19ca6f7707906832e0aad3f4e1;4071c57254f41ccfa8446d12de506616312a7c17e241f9b531ba43cf3eda6672;41b585938cd315f803955ca0651437eb96e9916fdd895d8c040304bd34049d27;c9d94b2d45d4d86efcf3aabf639ed7a267251c7fcd1840941df67bf8a2a3accc;c54e2a80a3053d2f797648754dfe34b1d1b842db5f2278606e72fc21c924318a;d4fb19c835509c5e9c8a873c16a869d65d054e9e3f04820cf1579fdc62c8c1b1;3596816a68a4cd97dd77d10431be92b79f0611a50af711c1a8116fea97617643;7199c3577baf3805d0342b5fb550201973296ed2f0093f0cb5aa6dfd7107eb07;6fa6182e1617a335fc412680b40fc2ce2b1bafa3d41170c3f7b53cdb78ef8732;9a923bb6161117e68d23e486115914b131d8bbfd268cf4fdb880b8534bd08b45;5c25676efcbf4567235b6c67ab463d3284d413bdf212d36199cc438f7bd4d375;32d53069098e8f377d753e1e0ffb89fa21ef36743ffa658c24d7df6b472b16ee;b5f1b64b6b066d7c0f9c3fd985fa25a5aa887b153fcdbe290da9bc08cf68c7cd;47c8c676a07faafcbf1324f5cf57181629bbbf04ff1619c2b9fc8c78a539026e;4371f66460e83669b1ceb46cc70c7e35f559868dfcd1d7fbd2aa4e6ebbbbfc17;79e6fd1a1f2ccf670dc72ad85c6c3622110b145811c635029ff084d70ae0d340;16de6012366bd55a562a118a6f752bdd611d80bcfde062968696290428665935;d1c224f83f870ae830f2452584956071b77dfba3284aa83533c5439715c0bd05;0064e64b2c84312a81952ae359cae55be0e3b78962ac4b57996e8a2e2e6fc584;7570082e9b2e7d0b6c54301b29aa69947e898be1be4e6aa68a65d5866aa4baf4;fc43f5777e9e3f8fe1a4acc117b48a6a64f69e6ea875184a81a4c10547576084;55428889a31e304ebce9015def7f0ba05719b9f85f18d25105ee7f83287c1b8e;88457c94c1a3db5aba51f82116d1a278ccff49eaa2b064fd97a39fde38cc7bee;b066831341fa162ea8b142087218fa8507769a58847714f877d709af13b6f012;ee978aabba12fedbcff4ec1b1f92cd84cb0544d4b5baf9897b441fa02a1bf352;8a56c6c7e5a8bef5f886822ef461ffaf928a8a8b9c59c57eddf4b195e10fa349;ab77a6dedfde5c495aaa4e0bd55542e0aee15ecefa7b0d385c1c49f86f0ea825;a92db1bdc1f7d396879666c26c76a37b60a541e28f814470320e83eb03975dfb;268268d8d0427e2119954e49ac5a0aab8748b70b40f66f63893ab24d0c4ee419;d1ab2203b736d0eaee2ef712fb652cba29d2b67eeaf2a0da3b674b683eabac6c;c8e674e2024606e55b9e4beec6b6af81b1b0096c98e8b4c3e7798ab047dbb14a;a25c94893cc6458f8981778b426f45a1cf814671181d8424bda528dc4bc993ef;f95b3a03365696d0b3aa82b0b84ce18be610a82429d884d6d96b8ba0813bac5c;97e52bbd1a6c1c8b4fddc5d359a9eff5a7f2ed566d3406918d194dc6320d1a9e;c2df2ded9807f2c25170b411213267b923e6caaef12c7b529f82dbc53d09a170;da1e29931995b190ee97e1f4578557cfe36044688d0ccad2c607cb730d9376f3;7c984b2932e22b834fae8beb529d9aa99c76c3556662a6b0c328279632b7a69f;ffb6cda723c0308887ebb9d0bff66873991fdf9895e1df5cd4428748f7eaa531;d454415e23087f29995651439d2183ff4f93deb5b46ab5fbaff73e0f0c3725e2;948040479a05973f220dc6da65a9c539de4a8dfbfe08bd65aa41f1b272aa5f4c;522bfb8609c1efa3cabc38f6b902351afedcba324bf6f0a1ec1c55b11d381db8;481f8a14476b449e891c129e0921bd1a35f81f3f9e940e73600ef35fdb2099a1;843d76feaf8f19ae8cd5b36343aeb44327fe2ee1bc6f352ab98245bc750c8ae5;197c5b6fbe20fb3b52dfb6e4dd923e1ed1c01afc1427125e6c8697e5444038d0;88e9d3449c3eac29a356396fd413093b241bdc9b476a687c3abd89eb1acee73f;c73a90540a8b9dedeea6903e06a129f7826a46ff449d2e86273cf3217f45c656;2cd95a193c59734aa4dc4108d9b503077669ed03c53259b491032698844f6e1b;1a66c79fc632cf0a83b277e6c32a4b602ba1447cc518def8ea399a1281d96a12
3cbb19b8f70a513cfa827acab49d5216826e11b2c4d444e75d65d8b1938b0e1c,705,140,2025-10-13 14:22:55.273469,258e3758b63adcfe724d92960c4c3d343fbc19a118d3a97070ca45306a4535e8
03d5d02be6b730a5b34de3aad644eddd23fd6c1e5d8243d0089e995bcf05dabb,446,222,2025-10-13 14:22:55.273469,5e197ac4b2bc6a87bfd2b577607519ca33b17f2b8c9d758a9feaf4003151f582
8083e350240a8e9b3e9705eefcb02058468b97c491290e324dc76a42d86299c0,994,475,2025-10-13 14:22:55.273469,e6142ce1f34254f2e9791004c417d836645a205d3e92d82eb71183d974a01dbc;ba69611c63f1ca011651e45d01642f67e982646f4dfcf196bfaedc0c97938e4b;72d7b858e17793fdc4b8483d361d8d3e497bc519e831da92f98521c2453b52b9;19ac6b3111ae36a1c109b2fae1b37d23382ebf99b0d9dc9641045ff15717385f
1c15bfccfe5b9aa61f22a47335c75c3dce2c62405d6bacab0b40cefd589e58e6,141,140,2025-10-13 14:24:01.521904,be68fd91f27cb23fa9dedf2ae85fb98d3fbc2b2a39cbcb4f0d2e4cd62611fac8
063d9f4fa2fb252ec1b7fbf610847eb9788477b1ea698df5393dd1b4969d0ad9,203,202,2025-10-13 14:24:01.521904,782b916094dba9429e6cd84f03c4ebeda5c7e241ea7545b1bdd02ddc60f11287
389a3a5b37d62c8717a59c6e36b346b433b64fdbcb890b96e28a4cd182483751,813,381,2025-10-13 14:24:01.521904,d9b51952a5a6e23b8e9e919631c45388b4af3ed41c38d9baef0917e8cbbfcafa;9002fe2cd7ace978418da45d01a49fa6e256e7cdb49b99fa7cc81e2eb8305e86;32cee36692f9a686e7fdeb350ea796cb5ee6f44caf6523e86604ac49c08a9c84;a6e941e5c7e597cf7bc4008cb7b08d02d256ddd9a940c433811f7460626aca84;c7e8d68a9c98289a54dbd5cccb2163a685106f7af32192b5ea0ea18f92798a8c
d4afa5753ff7c4a0e8296674caa844028770d2b23f446b40941c547afa6cb973,278,140,2025-10-13 14:24:01.521904,ac556475c18afd2f32f1fb6e78f1147804bc9c16924af062b6e0705409156259
cc8fd7375a64b63b45cde41872e5aece9f1d2122cfbc77500608a8c95f0c6dc2,418,208,2025-10-13 14:24:01.521904,507794339cc54729a8f76c633f68f3368b3fa616bfbf7778cd572faee3dfac4d;612ca2fac379b4cd806f1d3a4a1598161bb6636171a7a924f5b8b4899b62b84d
b99ec765e6889492fb9887a89fb5d2d6d99abd727b82e8f321fc18e62c598735,228,225,2025-10-13 14:24:01.521904,c904f21806aa60596691eed3a926a54daa1a064f228f52dece5579bf60f7c2aa
2689d48e555c3c2abad9b26f0660f62ec66edb5bc025bb3e9664cc016d367624,2000,267,2025-10-13 14:24:01.521904,461417046d1ba84872455be7b23964580e4195e557a416d42d5ecd4a538719e0
1e0510f7d73a2003a292d5b855e40b26d97a921eaf1398e6464a9afa612e4bf6,225,109,2025-10-13 14:24:01.521904,312aae65f0627ca225b53854fecd166cd344fb6d30023801f34efe766bb02646
94762d287c85bda9e50b07196aa2abd9eda9d403b73335d1b767a8aef03823d4,4030,805,2025-10-13 14:24:01.521904,ae3048fb02497b8ad5a1cbfd674cdf2617afeaf0f8f55be7a6488f152b30acb2
3579c29239b6543f36ccae8318f1835e81d1abdf2b6899603d0e87b1d26a2af4,286,142,2025-10-13 14:24:01.521904,705cdad20e80c70aa6df3977d776cf47c6c8ebbef7c4d90c32503233a7c06376
52ba24877047459477cc89c5c77f7d8d7b7f62f4d06da72daae8a58ac77ff39a,246,244,2025-10-13 14:25:07.100014,30881b9071120597bb8f39c68b22a1447353dbf6bd8a92582552f0986cec537c;3ff88f43f63857810c803a6c868b06bf9565349450c43bba07340a5710b15dc1;da62b0b1ee3ea63c152489cd6e1a9618448e47c23158af2a39ed7ebfca788dc6
d59c31639bfc49ec4e1b1208216c1b437d948b5c12e34be5c04e743e9c14fbab,423,140,2025-10-13 14:25:07.100014,fde1c29e95c86259006af79f83a4b8ff1b050cabdf7a88d2573391a912120d4d
2825f8c9152b7fe7896c760d79d87629cf97a1da929204dfa5a3aa023cfa9fec,260,256,2025-10-13 14:25:07.100014,22177871f42df198e6de739ad5be494851660b06985988e8c724c7b5bda21a15;bbd3c00f74bf22042de352a1ca406f70dd3024d51061a52ae4772cc3aa6617e6
b0ddb87973aea062c479d21c97d3e69daae8bbee27903d39dc8c80ba00ac03d1,426,141,2025-10-13 14:25:07.100014,c15fdafe9bd25d80706d8392bea0f8e97621c1db1d9a0517b7dfb51214c85dc7
1701ac90d36b2a1e327382d70b0daffa02fb8ba156508c7a792b500ae95a0ebf,349,343,2025-10-13 14:25:07.100014,50063d7fd2e39638af0cc457ce03266f540d519f8106c9ecdfaca7f762c1051c;bd5a407adbf2d56d09963bddbf292db6e10e925f745a8d9572d66c1ad158b59b;8d63498225dc0f1d4e72278546c6a42e4e50c9d342fc38669e3e5341b925d1d7;448102892bf34798ddac1c3c9eb46b74204935f6093dbd378e27e5f359546567
ebcc7251000a4fd500bb5ce338fc4ec2eca06b3c38d0fd50f602a0d26151d1e4,3506,700,2025-10-13 14:25:07.100014,3b261040951a424840fee81a6fa697e55ee36a1fde481d6be4a6c1db0d1c172d
1acb4472c5089638fb806db6c18c921a56ba412a6768e13ab2bae72c952d9fc7,338,140,2025-10-13 14:25:07.100014,d1f2dbcb060009f3b1f821f4f3ae7f9919c9db7c62e82e217aa858cd3ab9d6e7
70bb0c4993bc84f155e0c3e3032db6e97481a5db5206d9ad5ac74b392b2c8b69,1054,438,2025-10-13 14:25:07.100014,efa359ed33641cbde7519e928e2324691e23c427d3d41492a468f823f5d23296
132cf062e1728544bd641b909b9be82432bd2669a61d3845e42420884711f19d,627,208,2025-10-13 14:25:07.100014,2a5e7ef372f1e26d091762dcc2b25ffcccdec6db17d4426c0ecfdf77e34aa81e;6aa16bef78b9fd8ae11d51be2f1c0050659b4e13989e148b4bdb81dfaba46b9d
48f6b8a70caa059fe030f37fc870bcd49d42cda3e6fd604ed9c2698f9dfe8062,587,223,2025-10-13 14:25:07.100014,58cb06673a6c40c8386ba8818d845a483e23b115f13b97c9da2faf1293a5f1ee
a5045e331daf822c95aa445dc0f015510a7a7be1a0cc11a7caf9a55b8089ff8b,666,661,2025-10-13 14:26:12.829728,6c432f687ed0e65fce41ab33d9df2bd4eb93eba2b7e5f9dc51058d8349dd677d;9afa8279caa45a24fb5fb6417959569707ec06a6705c183c5b90457963bfb229
52bd1f311113c6d4749a72f685774869116fb2b1d5c4d8eb3b9d7a09d1106777,514,139,2025-10-13 14:26:12.829728,6a52fe5f60647d59c27037bab8c3f0adccc40bd36e0c8d65c16f832766b94f1f
ee87b035aa78f1d8132b1672d1c5e037b9d1f6815a8921ebacb8168e666ca511,420,209,2025-10-13 14:26:12.829728,13d6cf2a962619e8c827198c7e78b91363192b3d693977d639b76b0687725cf7;29026b35d760ca8c84bba093c730ba70ea0a0d782972899a1e41cba648d4b7f5
5280f01dae0052155545bde295d2182d3f8fcc611430e4014468adccc95e8710,322,140,2025-10-13 14:26:12.829728,0d6e269e62330bb835c9b35a6848c8de88b230429f02741894f75ae1d49f178a
350c96f682a7d010d3be45efd214841756048b27c3e9a57c99eb54a09d6c0b83,514,139,2025-10-13 14:26:12.829728,a3f55824c50e91cefce90b1d9d6b2c74b1dd76f36f0b677e6f01942bb035f24a
ba0719924d29c02a627b6637bec0c1b698c8eeb908f5403a1c840a058f918263,288,143,2025-10-13 14:26:12.829728,cfa1f7fecdaa685c98842701c855712b730a3134b1a3168c33942983ca91ff24
10595e92cc46bc9d5d34a0a59c8e6a2f66a32d698300704bd7a8a255f91c6bf0,514,139,2025-10-13 14:26:12.829728,5da28047fd1940c694a0be6f7ca81fcb59ecae62a8cc89e43cdb0b6a5d5729bb
a3e06bdc5365cc507e004af5ba9079045ac7ecf2901b6725a25bfae3ef6e99c9,211,208,2025-10-13 14:26:12.829728,383c4d1764ba0aca6a5ad574a33dfa060c293ca9d6b0ff253ef4e3b7b46b6c78;7e64427a5991f8d10c29bc2630fb4b9b1d385b2cbdd96fd334d74d46fcfa4ec9
f69116a3c0db96079a1ecf3b46cc9b3430aedf35d654ec345619f277d02d0a52,504,222,2025-10-13 14:26:12.829728,209c4aa1aa6c2ba9f2c1987ea5b723588dc62dcbde2318fb4b6a6d4098456ed3
d0c324d4448b767457e1c9939d575d9e9b7a14c4701095ef72286fbbe66199e3,514,139,2025-10-13 14:26:12.829728,6bc8c288c3d107002b0d9e92c0e007d1036dc822878a7529daad5807fe0cb1bd
38adb3a8b558564689e214dae28c92194d66b92a4f94fb6db4a5d8842f9c8934,110,109,2025-10-13 14:27:18.498992,67d76924edd4f9114489fcbee52d1a809983348119349d8975ab82966dcc894e
829b3564d8edc7c4d3b86cb6c7b008058c794d7d87e004c5d3135fb7c8bebfbc,627,208,2025-10-13 14:27:18.498992,164b231683e72d82c29129f1d0f3a39ddeb105317b3ca82d57c65d662fef499d;fe50d08acfa0e160f48f37cf022f410089556b2b1ec91ecc9f87ab3d0d18c0b7
f149c5ac4659faa30837df65082f8853aad55266e01b8cf782627e94d9641fa0,282,140,2025-10-13 14:27:18.498992,1fae0c3298af81bef33f47427bc88bb375e87a7a2371aabf05425363fc50fadf
6251f2c14453c46631221a70c04a341bd4e61211fcccaaa37bf49938ee9ec78b,1323,347,2025-10-13 14:27:18.498992,d625066def7bdde0303f7c6ded7dc0fd91c9a1e829a48e84e49fee2f483115c6
1ba0b05a54a7edb4a32ca7001f4620dc019e8fd564ddc2269fd12039a3576e4c,510,109,2025-10-13 14:27:18.498992,8e970394dc4956a0823ad0adc7d9ed100618d2e3a860b9a50b703af5a8664362
e0e51ef1b732db5e4baf748d109a247260effcbe4c714f4253cddb82828e1fcb,290,140,2025-10-13 14:27:18.498992,8577f73a3674fb4fdaba15817b9b8acbc6e29f4df2177c367f0255d4baba1156
53b4ce8a7beac96d17c1440df6e8cb313d24b4ba6fd0801e843582e84c8b03d5,828,208,2025-10-13 14:27:18.498992,5988c9cf1cc729dbc3f0d7c6e93b5da3c93a6edb5a7a4652f3bcbb848e66d995;0a94393d60099ab06a8c742ff9e77abf89536c4fbca8a6b51d9cf01ba232ed4b
d9590c2a36c243a1bfa7d6c6ce74b4375bb694f9296b0073d946cd20da75a756,314,312,2025-10-13 14:27:18.498992,3de15b05059abef6256ce0041924a70a6b603e9efe934154427743f131725cc8;67139f2e23fbd2976b903b485828f06f069c51b497d7cab3e63cff14456ec9ab;f2da570a876ff869a005b88a7c1781a7a841a3ebd18bbaf1a07c89b6ed6bf7b7;9e518fcf136149e490a67c643e435fcf81cce9003a2381eab003880767017323
098722340ddee2b701a6a579a70f5675381890b2caa598b9084db7db9f970f31,468,143,2025-10-13 14:27:18.498992,7725b06c09dbe729f91cf45a95cde126b323198081ff91c9af3b3b01818af487
c835958faefa7fa3599b7d5d9e0407dadb49ef8a8ed2e3e8ecbe519b435328a9,434,215,2025-10-13 14:27:18.498992,75367a1336d8a7e52c08b0b102cc0fb0f3c09154d1d9b425d83766ef2a30ea0b
f1618f3c9307d72bfa6406b88f94bf1c551703ca1a4c59e062bb3fc89f57aca0,183,180,2025-10-13 14:28:25.880402,2844bb26129572ae0ae9aeac729132ce9fc528231433e41b0aef868849019801
56f4f882c0457713ac4db1c6b829be38aeca67ca6763297077103c93d42c896f,282,140,2025-10-13 14:28:25.880402,63c0559c90287ed8836b96f65521cc32a94dafc77d6ef97ed15f7ff885916fc6
f0455813311b81143d4312fe4d299a0bc0ed1f3f380c0279e363fc8cc9936d72,282,140,2025-10-13 14:28:25.880402,4ed147526bd2406235dbac6a021ed9965f5183f7531aaac30122a2149c19e650
63c2e5630126e1ae74a18a6f61fcc9b9a8cab312803dfba44135067489d274ad,183,180,2025-10-13 14:28:25.880402,22d2f0ad57c55898f6ca2a172955734a8d3769a2231e0b03067a735535f0ebf8
340f2445db35c15b3fecd8ef8f7b32c29c31657eb2f34fa31bf8cd269cc6563e,288,143,2025-10-13 14:28:25.880402,d08615893a4f53de7589e1fcf468ae97075c1c41701fcca9ba55a7ceb042fe73
7c098b41d01088d1d96aa3d52f980e9df229ed84497321efd4a057b1539ac885,423,140,2025-10-13 14:28:25.880402,45b2d1712109f0616d0a9e59b6baf7df253822e1f75c36c63163bb757c23d6b2
7460ecd60356bac6ee250f9cc46f21d7920c9a770f77eadf3d68da2843b808f9,2410,411,2025-10-13 14:28:25.880402,2f23b2533dbb6645956c11d89bdecd7ece8f79d2803931ced781fcb8f8169644;2dde5b460262a2f5770be78ccda3a2569523695d8ba0039e70fdb5606a9b8673;59da1ac4cb6424edbe2f3f9e8d3365d8e8e1711275e4d53a424fd9ed9bd2d14d;8333f768712aca003ee8e51ded0acb27933a8d4ff4fcc46a6a302293bb337517;1b9594f0bc941dbdd3bfbe08b8bdb25e58b606d7768812b8e239f5c87a5bb607
5617f9f05fd8bfd381ee71e7e13c29889055bf03db771ceb54267ff8b15053f6,183,180,2025-10-13 14:28:25.880402,661439b10a7ac5176c4d042cf9b0a5652234c8afcfaa9b889c055f60b5bd0182
f3b66184338b7dec8fd9680450a2e516e6ca0689a6bc6d95c9370252936d63a6,621,208,2025-10-13 14:28:25.880402,01a809781e775d3201c39d1787fc30ea68545484148897354a70f2a2d6ec3f74;994abbdacb83659fa1996085489c134060cc182f1ec7b2f0bf1b84464d38591d
2b6b32b7cfcf1b22ff2e6833de52ecdcbf6b8239ff9343c52e7a849dc297a1b9,560,279,2025-10-13 14:28:25.880402,d3e048a3dcd5c7ee4c8ab6842c64f137dfa7a66cdedef00ccc885fab8ca29b16;d8e53bb531d3386f4892993c73cd4f4bebe5f958a46cd70dac9b0617f9058e2f;99cd010728427fe8db9ee4fa68ca41551f8298cd7ef12a75778e22c5dfae2e2d
060ceba5466656c64f43497a998555eaa3ac5f643ac020ab59f804c08a616927,356,177,2025-10-13 14:29:31.380300,2898ea432ffc75ce9f45104e3e9dfa4f8a37016844478cd57c3f943424f1b05e;fe66e459a3d2e3d37e087e5a90074b2c5994987e0d36295592f77182188df323
80d33f20208800f8b23a9abe2dc44763c36bebbd0f19e7087dfe3f4bc71b31c2,756,209,2025-10-13 14:29:31.380300,79b1c10d0ed2557521f0009101f20e85a7a763fcd9e8def0a19e8a5a3e54b88a;519c293975dc956892ad85f8a55a44e591d59829936f46bbce843132500ee68b
4e9dd0cc0b809cadeebf27eb6ef59b3d20e7f86c5003c14b4db608015edd7c56,672,222,2025-10-13 14:29:31.380300,d4aa404f9b599acaa60b64f678259e31f0114a69c490ccc0346bf9f6d7bba653
b7cecf4b96bb91818364c80c6856cb453220e3709ebb7d8bcce0761486b315ef,212,211,2025-10-13 14:29:31.380300,3b80a6791676ad739ecfb6b63f5c3bbbcf0e8d48aa7ec32c02a22e56f537c8a3;5d56bd6c8872e28f7fa0f84d11121068218af2a4c5841fce64dcb124e5626b5b
0ec1e4d1d72d35383eb4375987354c3918ec651030c3fc0446dd2aa55869a608,763,381,2025-10-13 14:29:31.380300,bf5273d6d739b780f2be5edbc8077c2b4cd30b2e796d5d90b6cf52bc5571f24f;1164a04726c8f27840634f562b7a551012dca04e27871eb0ce260b426e864fb6;1164a04726c8f27840634f562b7a551012dca04e27871eb0ce260b426e864fb6;53cbc965b9b1a534442dabe5117b52b8fa38aa6eced44a6b4c04ed7dbdfcc046
05309f6099bfd32b37f84fbd5e4fee99d56ed252518d6674583d0c5561c28889,339,110,2025-10-13 14:29:31.380300,b8a5f9f86f2b901abd72041d5c28d9ddfbc3fb689e1fdf66a840a3c44a363832
e3ceaf88af1120d03fbc548e2722309cb43f3e46da71153868e38ea6d46ba8f5,180,133,2025-10-13 14:29:31.380300,9e14db94a05b8d5ca8b4d010f7c4be339f71e91834b1f4c8fc56a69c1fdc3dd0
031dfde9d43c68aec57905cbade5a1e042cdf57779d1f499d36e4101e588a45a,284,141,2025-10-13 14:29:31.380300,b22e20841fc7b1aa27faf354d355c1741ce42fd54d646d7e7a8ab97a22dea367
214adb14b99c7bf26e3169197b900736a8c9ba518fb61524e42467728bb2f0fc,525,171,2025-10-13 14:29:31.380300,6678f1f9eeabdeb3a3c33d1deae263edc5c9aade96b271d7d8a1ab9a6fae7f0d
e3959e8855ab7440f27bc73c761e89b56886e6d6dbaaf7c0003e249b4b1fb05a,551,152,2025-10-13 14:29:31.380300,75f7d7258693181706253cd3af31e9a19a669e8b07ae161419112cc08cbd6d6b
